,DateTime,Token,TimeFrame,LastPrice,% Change,Avg Num Trade,Avg Volume,Volume/Trade,Volatility
0,2022-11-06 18:41:33,BTCUSDT,1s,20921.3,-0.023182115834112522,98.229,96978.48621999999,987.2694033330279,0.01%
1,2022-11-06 02:19:00,BTCUSDT,1m,20919.0,-1.1897796261771567,3791.199,3596416.06641,948.6223399009126,0.07%
2,2022-11-03 08:40:00,BTCUSDT,5m,20889.44,3.861472590935896,23363.803,22827480.91682,977.0447438210296,1.24%
3,2022-10-27 10:00:00,BTCUSDT,15m,20889.44,1.7468156159284205,67951.191,63690044.36513001,937.2910677184451,0.31%
4,2022-09-26 04:00:00,BTCUSDT,1h,20886.13,9.455796741665406,227667.54,231302313.26165,1015.9652678710808,0.64%
5,2022-11-06 18:41:35,ETHUSDT,1s,1571.24,-0.07637280109977122,13.158,14504.24054,1102.3134625322998,0.04%
6,2022-11-06 02:19:00,ETHUSDT,1m,1571.18,-2.8239921587596513,422.64,529153.77488,1252.0200995646414,0.25%
7,2022-11-03 08:40:00,ETHUSDT,5m,1567.61,2.6358596844878472,2416.358,3139491.2902699993,1299.2657918528625,1.75%
8,2022-10-27 10:00:00,ETHUSDT,15m,1567.61,1.5278034715267075,8977.734,11403541.493129998,1270.202647252636,1.09%
9,2022-09-26 04:00:00,ETHUSDT,1h,1564.39,17.19264377808603,30509.913,34507559.239190005,1131.0277823207823,2.45%
10,2022-11-06 18:41:37,BNBUSDT,1s,339.1,-1.1501032143910284,13.593,9352.61881,688.046701243287,0.24%
11,2022-11-06 02:19:00,BNBUSDT,1m,338.9,-3.2457952198288584,217.597,97622.11672,448.6372363589572,0.11%
12,2022-11-03 08:40:00,BNBUSDT,5m,337.7,3.4646135623334287,1277.204,618381.99781,484.1685414467853,2.06%
13,2022-10-27 10:00:00,BNBUSDT,15m,337.7,14.98371335504885,3678.992,1938151.03996,526.8157799636422,4.04%
14,2022-09-26 04:00:00,BNBUSDT,1h,337.7,19.04056855196921,8732.445,4158740.08167,476.2400543799589,2.02%
15,2022-11-06 18:41:39,NEOUSDT,1s,8.56,0.0,0.228,34.24856,150.21298245614034,nan%
16,2022-11-06 02:19:00,NEOUSDT,1m,8.56,-4.556074766355126,8.598,1900.6045499999998,221.0519364968597,0.31%
17,2022-11-03 08:40:00,NEOUSDT,5m,8.54,2.8103044496486937,52.219,10919.39355,209.10767249468586,2.1%
18,2022-10-27 10:00:00,NEOUSDT,15m,8.54,-0.3512880562061024,152.172,31483.71796,206.89560471045922,0.6%
19,2022-09-26 04:00:00,NEOUSDT,1h,8.54,4.098360655737701,498.442,109148.35311,218.9790449239831,2.03%
20,2022-11-06 18:41:41,LTCUSDT,1s,68.14,0.5723510419724106,2.908,966.1454399999999,332.2370839064649,0.13%
21,2022-11-06 02:19:00,LTCUSDT,1m,68.06,-2.3655598001763143,90.005,33917.64218000001,376.84175523582036,0.23%
22,2022-11-03 08:40:00,LTCUSDT,5m,67.9,10.986745213549348,686.777,254872.19520000002,371.11346943767774,3.31%
23,2022-10-27 10:00:00,LTCUSDT,15m,67.53,17.8883459203317,1599.013,569343.42726,356.0592861096189,4.5%
24,2022-09-26 04:00:00,LTCUSDT,1h,67.53,22.55293943432549,3516.146,1147161.39446,326.25533594452565,1.84%
25,2022-11-06 18:41:43,QTUMUSDT,1s,2.85,0.0,0.144,32.09016,222.84833333333333,nan%
26,2022-11-06 02:19:00,QTUMUSDT,1m,2.85,-4.561403508771926,6.805,1364.83163,200.56306098457017,0.3%
27,2022-11-03 08:40:00,QTUMUSDT,5m,2.84,1.4084507042253533,36.026,6411.992109999999,177.98234913673454,1.91%
28,2022-10-27 10:00:00,QTUMUSDT,15m,2.84,1.0563380281690073,90.102,15649.80493,173.68987292179975,0.91%
29,2022-09-26 04:00:00,QTUMUSDT,1h,2.84,2.8169014084507067,263.47,45872.94607,174.11069977606556,1.57%
30,2022-11-06 18:41:45,ADAUSDT,1s,0.4,0.0,3.226,1162.32269,360.2984159950403,nan%
31,2022-11-06 02:19:00,ADAUSDT,1m,0.4,-4.99999999999999,92.163,32435.980259999997,351.9414543797402,0.0%
32,2022-11-03 08:40:00,ADAUSDT,5m,0.4,2.500000000000002,567.193,229736.59447,405.0413077559138,2.7%
33,2022-10-27 10:00:00,ADAUSDT,15m,0.4,0.0,1566.608,614272.17017,392.10330227472355,1.69%
34,2022-09-26 04:00:00,ADAUSDT,1h,0.4,-9.999999999999995,4690.276,2031836.61403,433.20192970093876,4.18%
35,2022-11-06 18:41:47,XRPUSDT,1s,0.47,0.0,2.935,1713.80897,583.9212844974446,nan%
36,2022-11-06 02:19:00,XRPUSDT,1m,0.47,-4.255319148936175,103.528,60895.88171,588.206878429024,0.27%
37,2022-11-03 08:40:00,XRPUSDT,5m,0.47,4.255319148936162,809.413,497068.68179999996,614.1100795267681,2.71%
38,2022-10-27 10:00:00,XRPUSDT,15m,0.47,0.0,2067.833,1347379.5319,651.5901099847038,1.06%
39,2022-09-26 04:00:00,XRPUSDT,1h,0.47,0.0,10553.151,7404392.39675,701.6285843678348,1.62%
40,2022-11-06 18:41:49,EOSUSDT,1s,1.11,0.0,0.287,129.45154,451.0506620209059,nan%
41,2022-11-06 02:19:00,EOSUSDT,1m,1.11,-4.504504504504489,16.698,7225.295899999999,432.70426997245175,0.37%
42,2022-11-03 08:40:00,EOSUSDT,5m,1.11,-1.8018018018017834,119.297,49599.79262000001,415.7673086498404,1.06%
43,2022-10-27 10:00:00,EOSUSDT,15m,1.11,-0.9009009009009016,355.832,144858.87324000002,407.0990614672093,0.53%
44,2022-09-26 04:00:00,EOSUSDT,1h,1.11,-3.6036036036035863,1314.228,499177.51956000004,379.82566157470393,2.6%
45,2022-11-06 18:41:51,IOTAUSDT,1s,0.26,0.0,0.324,68.38103,211.05256172839503,nan%
46,2022-11-06 02:19:00,IOTAUSDT,1m,0.26,-3.8461538461538494,12.19,1496.2979300000002,122.74798441345366,1.82%
47,2022-11-03 08:40:00,IOTAUSDT,5m,0.26,3.8461538461538494,72.897,10008.241450000001,137.29291260271341,2.36%
48,2022-10-27 10:00:00,IOTAUSDT,15m,0.26,0.0,175.37,25979.810089999995,148.14284136397328,1.43%
49,2022-09-26 04:00:00,IOTAUSDT,1h,0.26,-19.230769230769226,612.682,106496.77566,173.8206372310595,3.31%
50,2022-11-06 18:41:52,XLMUSDT,1s,0.11,0.0,0.314,74.78372999999999,238.1647452229299,0.0%
51,2022-11-06 02:19:00,XLMUSDT,1m,0.11,0.0,15.091,3758.2253500000006,249.03752899078927,0.0%
52,2022-11-03 08:40:00,XLMUSDT,5m,0.11,0.0,95.465,27589.84715,289.0048410412193,0.0%
53,2022-10-27 10:00:00,XLMUSDT,15m,0.11,0.0,270.774,78102.53925,288.4417974030003,0.0%
54,2022-09-26 04:00:00,XLMUSDT,1h,0.11,-9.090909090909086,1237.314,377239.739,304.8860184237792,2.85%
55,2022-11-06 18:41:55,ONTUSDT,1s,0.23,0.0,0.154,26.833530000000003,174.24370129870132,nan%
56,2022-11-06 02:19:00,ONTUSDT,1m,0.23,-4.3478260869565135,8.539,1683.79924,197.1892774329547,0.0%
57,2022-11-03 08:40:00,ONTUSDT,5m,0.23,4.347826086956525,56.575,9999.34707,176.74497693327442,2.69%
58,2022-10-27 10:00:00,ONTUSDT,15m,0.23,4.347826086956525,125.691,21762.131960000002,173.13993810217121,2.22%
59,2022-09-26 04:00:00,ONTUSDT,1h,0.23,8.69565217391305,317.716,57202.70175,180.04350347480138,0.55%
60,2022-11-06 18:41:57,TRXUSDT,1s,0.06,0.0,2.07,442.70565000000005,213.86746376811598,0.0%
61,2022-11-06 02:19:00,TRXUSDT,1m,0.06,0.0,79.383,23448.49389,295.38432523336235,0.0%
62,2022-11-03 08:40:00,TRXUSDT,5m,0.06,0.0,291.733,87254.54358000001,299.09041342597516,0.0%
63,2022-10-27 10:00:00,TRXUSDT,15m,0.06,0.0,799.484,248601.15912,310.9520129483517,0.0%
64,2022-09-26 04:00:00,TRXUSDT,1h,0.06,0.0,3239.945,1129242.5886300001,348.537579690396,0.0%
65,2022-11-06 18:41:59,ETCUSDT,1s,24.88,0.04019292604500808,1.239,502.07901,405.229225181598,0.04%
66,2022-11-06 02:19:00,ETCUSDT,1m,24.87,-4.664254121431444,48.15,22338.36656,463.9328465212876,0.29%
67,2022-11-03 08:40:00,ETCUSDT,5m,24.77,3.8756560355268506,319.171,151055.04783,473.2730975871868,2.19%
68,2022-10-27 10:00:00,ETCUSDT,15m,24.77,-0.8881711748082312,848.659,420629.9086,495.64066203268925,0.97%
69,2022-09-26 04:00:00,ETCUSDT,1h,24.7,-13.724696356275306,2794.906,1467165.98679,524.9428734955666,4.48%
70,2022-11-06 18:42:01,ICXUSDT,1s,0.23,0.0,0.133,13.84135,104.0703007518797,nan%
71,2022-11-06 02:19:00,ICXUSDT,1m,0.23,-4.3478260869565135,7.197,1109.60663,154.17627205780187,0.0%
72,2022-11-03 08:40:00,ICXUSDT,5m,0.23,4.347826086956525,36.067,6290.971399999999,174.4245820278925,2.84%
73,2022-10-27 10:00:00,ICXUSDT,15m,0.23,0.0,98.667,16888.69062,171.16858341694794,0.0%
74,2022-09-26 04:00:00,ICXUSDT,1h,0.23,0.0,305.876,54709.89108,178.86297414638614,2.09%
75,2022-11-06 18:42:04,VETUSDT,1s,0.02,0.0,0.643,145.39959000000002,226.12688958009335,nan%
76,2022-11-06 02:19:00,VETUSDT,1m,0.02,-49.999999999999986,34.006,6954.1936399999995,204.49901899664764,0.0%
77,2022-11-03 08:40:00,VETUSDT,5m,0.02,0.0,162.039,34983.09886,215.89308043125422,19.9%
78,2022-10-27 10:00:00,VETUSDT,15m,0.02,0.0,377.315,78442.11559999999,207.8955663040165,0.0%
79,2022-09-26 04:00:00,VETUSDT,1h,0.02,0.0,1116.747,261931.56952000002,234.54871114048214,0.0%
80,2022-11-06 18:42:07,LINKUSDT,1s,8.12,0.0,2.229,639.1717600000001,286.75269627635714,nan%
81,2022-11-06 02:19:00,LINKUSDT,1m,8.12,-6.403940886699525,97.824,35242.675579999996,360.26614716225055,0.83%
82,2022-11-03 08:40:00,LINKUSDT,5m,8.1,3.5802469135802477,670.087,226557.02341999998,338.1009084193545,2.7%
83,2022-10-27 10:00:00,LINKUSDT,15m,8.1,12.592592592592588,1659.421,552421.3291600001,332.9000471610279,4.12%
84,2022-09-26 04:00:00,LINKUSDT,1h,8.09,5.809641532756486,4612.947,1628048.95065,352.9303394662891,2.24%
85,2022-11-06 18:42:08,WAVESUSDT,1s,3.35,0.0,0.957,156.20304000000002,163.22156739811913,nan%
86,2022-11-06 02:19:00,WAVESUSDT,1m,3.34,-5.688622754491016,30.466,7043.85401,231.20376846320488,0.45%
87,2022-11-03 08:40:00,WAVESUSDT,5m,3.34,1.4970059880239468,313.497,72522.17909,231.33292851287254,2.77%
88,2022-10-27 10:00:00,WAVESUSDT,15m,3.34,1.1976047904191627,792.829,189368.195,238.8512466118167,3.16%
89,2022-09-26 04:00:00,WAVESUSDT,1h,3.32,-15.963855421686754,1602.374,413624.00524,258.1319999201185,3.73%
90,2022-11-06 18:42:10,HOTUSDT,1s,0.0,,0.306,61.176320000000004,199.922614379085,nan%
91,2022-11-06 02:19:00,HOTUSDT,1m,0.0,,15.006,2969.79877,197.90742169798747,nan%
92,2022-11-03 08:40:00,HOTUSDT,5m,0.0,,88.839,16897.317560000003,190.20157318294898,nan%
93,2022-10-27 10:00:00,HOTUSDT,15m,0.0,,371.183,75705.42912,203.9571562275212,nan%
94,2022-09-26 04:00:00,HOTUSDT,1h,0.0,,754.383,149970.25166,198.79855678083945,nan%
95,2022-11-06 18:42:13,ZILUSDT,1s,0.03,0.0,0.871,183.59077,210.78159586681974,0.0%
96,2022-11-06 02:19:00,ZILUSDT,1m,0.03,0.0,47.059,10406.02784,221.12726237276613,0.0%
97,2022-11-03 08:40:00,ZILUSDT,5m,0.03,0.0,212.149,46335.38033,218.4096098968178,0.0%
98,2022-10-27 10:00:00,ZILUSDT,15m,0.03,0.0,490.894,108224.55737000001,220.46420891271845,0.0%
99,2022-09-26 04:00:00,ZILUSDT,1h,0.03,0.0,1262.214,297343.39324,235.57288481984833,0.0%
100,2022-11-06 18:42:15,ZRXUSDT,1s,0.26,0.0,0.315,39.025690000000004,123.89107936507938,nan%
101,2022-11-06 02:19:00,ZRXUSDT,1m,0.26,-3.8461538461538494,7.596,1153.2092999999998,151.81796998420216,0.0%
102,2022-11-03 08:40:00,ZRXUSDT,5m,0.26,0.0,52.828,8247.36666,156.11733663966078,1.55%
103,2022-10-27 10:00:00,ZRXUSDT,15m,0.26,0.0,123.99,20180.05284,162.7554870554077,0.0%
104,2022-09-26 04:00:00,ZRXUSDT,1h,0.26,0.0,275.87,45499.86386,164.93226468989016,1.86%
105,2022-11-06 18:42:17,BATUSDT,1s,0.32,0.0,0.192,62.92164999999999,327.7169270833333,nan%
106,2022-11-06 02:19:00,BATUSDT,1m,0.32,-3.1250000000000027,11.328,2435.8604100000002,215.03005031779665,0.0%
107,2022-11-03 08:40:00,BATUSDT,5m,0.32,0.0,75.985,16619.710469999998,218.72357004671971,0.52%
108,2022-10-27 10:00:00,BATUSDT,15m,0.32,9.375000000000009,293.612,61070.83036,207.99841409751645,3.83%
109,2022-09-26 04:00:00,BATUSDT,1h,0.31,3.2258064516129057,558.167,112512.85285999998,201.57560884108156,1.88%
110,2022-11-06 18:42:19,XMRUSDT,1s,155.2,0.12886597938143599,0.395,151.96517,384.7219493670886,nan%
111,2022-11-06 02:19:00,XMRUSDT,1m,155.1,-1.805286911669898,15.574,6058.63114,389.02216129446515,0.22%
112,2022-11-03 08:40:00,XMRUSDT,5m,154.6,3.8809831824062098,87.54,31412.74265,358.83873257939223,1.86%
113,2022-10-27 10:00:00,XMRUSDT,15m,154.3,5.3143227478937245,255.597,93087.82131,364.1976287280367,0.9%
114,2022-09-26 04:00:00,XMRUSDT,1h,154.3,8.165910563836697,967.328,377543.69039,390.2954224316881,0.53%
115,2022-11-06 18:42:21,ZECUSDT,1s,50.4,0.19841269841270123,0.322,62.356950000000005,193.65512422360248,nan%
116,2022-11-06 02:20:00,ZECUSDT,1m,50.4,-4.9603174603174605,8.909,2624.97597,294.64316646088224,0.4%
117,2022-11-03 08:40:00,ZECUSDT,5m,50.1,-0.19960079840319644,51.191,14818.41153,289.472984118302,1.7%
118,2022-10-27 10:00:00,ZECUSDT,15m,50.1,-8.582834331337319,141.724,40762.71111,287.62038264514126,1.42%
119,2022-09-26 04:00:00,ZECUSDT,1h,50.1,-14.97005988023952,427.919,119492.95522,279.2419949102517,2.47%
120,2022-11-06 18:42:23,IOSTUSDT,1s,0.01,0.0,0.462,70.41516,152.41376623376624,nan%
121,2022-11-06 02:20:00,IOSTUSDT,1m,0.01,0.0,9.665,1758.99494,181.99637247801348,0.0%
122,2022-11-03 08:40:00,IOSTUSDT,5m,0.01,0.0,51.074,9748.42726,190.86868582840586,0.0%
123,2022-10-27 10:00:00,IOSTUSDT,15m,0.01,0.0,115.337,20771.70995,180.09580576918074,0.0%
124,2022-09-26 04:00:00,IOSTUSDT,1h,0.01,0.0,288.246,57535.98069,199.60721290147998,0.0%
125,2022-11-06 18:42:25,CELRUSDT,1s,0.02,0.0,0.235,32.61561,138.78982978723403,nan%
126,2022-11-06 02:20:00,CELRUSDT,1m,0.02,0.0,10.265,2299.39217,224.0031339503166,0.0%
127,2022-11-03 08:40:00,CELRUSDT,5m,0.02,50.0,89.258,19756.625600000003,221.3429115597482,7.75%
128,2022-10-27 10:00:00,CELRUSDT,15m,0.02,0.0,169.001,34523.73368,204.28123904592277,0.0%
129,2022-09-26 04:00:00,CELRUSDT,1h,0.02,50.0,388.305,70699.11555,182.07109244022095,15.63%
130,2022-11-06 18:42:27,DASHUSDT,1s,43.72,0.11436413540712982,0.458,89.06154999999998,194.45753275109166,nan%
131,2022-11-06 02:20:00,DASHUSDT,1m,43.72,-2.6075022872827094,16.176,2945.11788,182.0671290801187,0.47%
132,2022-11-03 08:40:00,DASHUSDT,5m,43.6,4.747706422018349,93.277,14842.37273,159.12146327604876,2.21%
133,2022-10-27 10:00:00,DASHUSDT,15m,43.6,3.1651376146789048,225.262,36563.791,162.31672896449467,0.76%
134,2022-09-26 04:00:00,DASHUSDT,1h,43.34,5.676049838486389,622.361,112775.45714999999,181.2058550423307,0.35%
135,2022-11-06 18:42:29,OMGUSDT,1s,1.67,0.0,0.157,21.787950000000002,138.7767515923567,nan%
136,2022-11-06 02:20:00,OMGUSDT,1m,1.67,-5.988023952095814,8.947,1379.3728999999998,154.17155471107634,0.56%
137,2022-11-03 08:40:00,OMGUSDT,5m,1.66,1.8072289156626522,61.389,9485.09468,154.50804997638014,2.15%
138,2022-10-27 10:00:00,OMGUSDT,15m,1.66,0.0,146.614,25164.895129999997,171.6404649624183,0.76%
139,2022-09-26 04:00:00,OMGUSDT,1h,1.66,-1.8072289156626522,402.673,66499.34285,165.14477715168388,2.18%
140,2022-11-06 18:42:30,THETAUSDT,1s,1.2,-0.8333333333333341,1.057,343.67607,325.1429233680227,nan%
141,2022-11-06 02:20:00,THETAUSDT,1m,1.2,-8.333333333333341,19.788,5502.896379999999,278.09260056599953,0.79%
142,2022-11-03 08:40:00,THETAUSDT,5m,1.2,-0.8333333333333341,136.818,37292.742979999995,272.5719055972167,1.13%
143,2022-10-27 10:00:00,THETAUSDT,15m,1.2,8.333333333333323,413.465,109173.25598,264.04473408873787,2.42%
144,2022-09-26 04:00:00,THETAUSDT,1h,1.2,10.833333333333325,909.365,248255.09826,272.9982990988217,1.86%
145,2022-11-06 18:42:32,ENJUSDT,1s,0.45,0.0,0.328,52.554829999999995,160.22814024390243,nan%
146,2022-11-06 02:20:00,ENJUSDT,1m,0.45,-4.444444444444437,14.241,2369.8216899999998,166.4083765185029,0.72%
147,2022-11-03 08:40:00,ENJUSDT,5m,0.45,4.444444444444448,90.053,14551.904789999999,161.59267087159782,2.97%
148,2022-10-27 10:00:00,ENJUSDT,15m,0.45,2.222222222222224,236.642,39778.01017,168.09361892647968,1.6%
149,2022-09-26 04:00:00,ENJUSDT,1h,0.45,-2.222222222222224,632.593,116621.50747,184.35472328969811,2.04%
150,2022-11-06 18:42:34,MATICUSDT,1s,1.14,0.0,6.292,2628.6548900000003,417.77731881754613,0.0%
151,2022-11-06 02:20:00,MATICUSDT,1m,1.14,-0.8771929824561412,233.713,85415.53112999999,365.47188701527085,0.67%
152,2022-11-03 08:40:00,MATICUSDT,5m,1.13,16.814159292035395,2149.579,746905.2493200001,347.4658290390816,6.48%
153,2022-10-27 10:00:00,MATICUSDT,15m,1.13,18.584070796460168,3479.939,1268397.54792,364.48844302155874,4.8%
154,2022-09-26 04:00:00,MATICUSDT,1h,1.13,34.51327433628318,7505.217,2816528.7596,375.27612587350905,4.96%
155,2022-11-06 18:42:37,ATOMUSDT,1s,14.47,-0.9675190048375866,2.784,976.2058900000002,350.64866738505754,nan%
156,2022-11-06 02:20:00,ATOMUSDT,1m,14.47,-3.386316516931584,82.395,23695.338949999998,287.58224346137507,0.28%
157,2022-11-03 08:40:00,ATOMUSDT,5m,14.43,7.068607068607066,578.2,167696.1739,290.0314318574887,3.07%
158,2022-10-27 10:00:00,ATOMUSDT,15m,14.43,9.909909909909908,1606.241,504237.699,313.92406183131925,2.07%
159,2022-09-26 04:00:00,ATOMUSDT,1h,14.43,2.494802494802491,4831.648,1560276.99306,322.92853143689274,2.8%
160,2022-11-06 18:42:39,ONEUSDT,1s,0.02,0.0,0.497,132.38682,266.3718712273642,nan%
161,2022-11-06 02:20:00,ONEUSDT,1m,0.02,0.0,19.655,3262.12908,165.96942660900535,0.0%
162,2022-11-03 08:40:00,ONEUSDT,5m,0.02,0.0,128.37,22519.89817,175.42960325621252,0.0%
163,2022-10-27 10:00:00,ONEUSDT,15m,0.02,0.0,332.945,55156.259589999994,165.66177473756926,0.0%
164,2022-09-26 04:00:00,ONEUSDT,1h,0.02,0.0,877.16,148903.51906,169.7563945688358,0.0%
165,2022-11-06 18:42:42,FTMUSDT,1s,0.27,0.0,1.335,407.75479,305.43429962546816,nan%
166,2022-11-06 02:20:00,FTMUSDT,1m,0.27,-3.703703703703707,66.716,19587.71553,293.5984700821393,1.63%
167,2022-11-03 08:40:00,FTMUSDT,5m,0.27,3.703703703703707,671.824,199945.87294,297.6164485639096,2.68%
168,2022-10-27 10:00:00,FTMUSDT,15m,0.27,18.518518518518523,1317.059,400581.13790000003,304.1482104446346,6.11%
169,2022-09-26 04:00:00,FTMUSDT,1h,0.26,15.384615384615389,2197.367,708477.4055499999,322.42106373218485,2.59%
170,2022-11-06 18:42:44,ALGOUSDT,1s,0.4,-2.4999999999999885,2.197,693.09553,315.473614019117,nan%
171,2022-11-06 02:20:00,ALGOUSDT,1m,0.4,-9.999999999999995,126.743,32370.126239999998,255.39971627624405,0.58%
172,2022-11-03 08:40:00,ALGOUSDT,5m,0.4,10.000000000000009,688.183,182609.39440000002,265.3500513671509,3.54%
173,2022-10-27 10:00:00,ALGOUSDT,15m,0.4,17.5,1198.075,316227.96849,263.9467216075788,5.03%
174,2022-09-26 04:00:00,ALGOUSDT,1h,0.4,7.500000000000007,2526.687,701982.56951,277.82727718550024,2.49%
175,2022-11-06 18:42:46,DOGEUSDT,1s,0.11,0.0,11.095,6119.9026699999995,551.5910473186119,0.0%
176,2022-11-06 02:20:00,DOGEUSDT,1m,0.11,-9.090909090909086,364.983,167972.55206000002,460.22020768090573,0.0%
177,2022-11-03 08:40:00,DOGEUSDT,5m,0.11,-18.181818181818183,2585.696,1318169.8934700002,509.79306672942226,3.88%
178,2022-10-27 10:00:00,DOGEUSDT,15m,0.11,27.27272727272727,16630.51,8412745.65752,505.86215681419276,13.71%
179,2022-09-26 04:00:00,DOGEUSDT,1h,0.11,45.45454545454546,20327.827,9758165.238529999,480.0397621708409,29.01%
180,2022-11-06 18:42:49,DUSKUSDT,1s,0.13,0.0,0.112,12.49642,111.57517857142858,nan%
181,2022-11-06 02:20:00,DUSKUSDT,1m,0.13,-7.692307692307699,7.951,1419.70669,178.55699786190416,0.0%
182,2022-11-03 08:40:00,DUSKUSDT,5m,0.13,-7.692307692307699,68.14,11143.49827,163.53827810390374,0.0%
183,2022-10-27 10:00:00,DUSKUSDT,15m,0.13,0.0,153.599,23497.58146,152.98004192735633,3.12%
184,2022-09-26 04:00:00,DUSKUSDT,1h,0.13,15.384615384615389,429.408,71026.9056,165.40657276995304,3.27%
185,2022-11-06 18:42:51,ANKRUSDT,1s,0.03,0.0,0.266,44.89087999999999,168.76270676691723,nan%
186,2022-11-06 02:20:00,ANKRUSDT,1m,0.03,0.0,12.611,2990.1148700000003,237.10370866703673,0.0%
187,2022-11-03 08:40:00,ANKRUSDT,5m,0.03,0.0,85.614,19717.46845,230.30659062770107,0.0%
188,2022-10-27 10:00:00,ANKRUSDT,15m,0.03,0.0,248.99,56770.84771,228.00452913771636,0.0%
189,2022-09-26 04:00:00,ANKRUSDT,1h,0.03,0.0,857.358,184771.82423,215.5130344966747,0.0%
190,2022-11-06 18:42:54,MTLUSDT,1s,1.0,0.0,0.193,26.05657,135.0081347150259,nan%
191,2022-11-06 02:20:00,MTLUSDT,1m,1.0,-4.0000000000000036,7.348,1084.17414,147.5468345127926,0.7%
192,2022-11-03 08:40:00,MTLUSDT,5m,1.0,2.0000000000000018,56.223,10536.87597,187.41219732138092,1.87%
193,2022-10-27 10:00:00,MTLUSDT,15m,1.0,-2.0000000000000018,106.145,18297.01675,172.37756606528805,1.17%
194,2022-09-26 04:00:00,MTLUSDT,1h,0.99,-6.060606060606066,281.035,47890.172150000006,170.40643389613393,1.64%
195,2022-11-06 18:42:56,TOMOUSDT,1s,0.44,-2.2727272727272747,0.032,2.99706,93.658125,nan%
196,2022-11-06 02:20:00,TOMOUSDT,1m,0.44,-6.818181818181812,2.561,220.71831999999998,86.18442795782897,0.48%
197,2022-11-03 08:40:00,TOMOUSDT,5m,0.44,-2.2727272727272747,15.315,1923.8649300000002,125.61964936336926,1.67%
198,2022-10-27 10:00:00,TOMOUSDT,15m,0.44,4.545454545454549,40.131,4743.7382800000005,118.20633126510678,1.75%
199,2022-09-26 04:00:00,TOMOUSDT,1h,0.44,0.0,149.894,21785.1576,145.33708887613912,2.31%
200,2022-11-06 18:42:58,DENTUSDT,1s,0.0,,0.17,27.396639999999998,161.15670588235292,nan%
201,2022-11-06 02:20:00,DENTUSDT,1m,0.0,,7.383,1023.2636799999999,138.59727482053364,nan%
202,2022-11-03 08:40:00,DENTUSDT,5m,0.0,,37.694,6949.067579999999,184.3547402769671,nan%
203,2022-10-27 10:00:00,DENTUSDT,15m,0.0,,103.967,18886.32281,181.6568989198496,nan%
204,2022-09-26 04:00:00,DENTUSDT,1h,0.0,,289.235,51103.67752,176.68566224696178,nan%
205,2022-11-06 18:43:00,CVCUSDT,1s,0.13,0.0,0.368,79.08798000000002,214.91298913043482,nan%
206,2022-11-06 02:20:00,CVCUSDT,1m,0.13,-7.692307692307699,8.835,1924.5216799999996,217.82927900396146,0.0%
207,2022-11-03 08:40:00,CVCUSDT,5m,0.13,7.692307692307699,50.199,11037.230260000002,219.86952449251982,5.6%
208,2022-10-27 10:00:00,CVCUSDT,15m,0.13,0.0,85.783,17066.70893,198.9521109077556,3.94%
209,2022-09-26 04:00:00,CVCUSDT,1h,0.13,0.0,201.587,38570.946429999996,191.33647720339107,3.7%
210,2022-11-06 18:43:02,CHZUSDT,1s,0.27,-3.703703703703707,4.534,2122.99945,468.2398434053815,0.0%
211,2022-11-06 02:20:00,CHZUSDT,1m,0.27,0.0,269.839,116145.65386,430.42574965071765,1.5%
212,2022-11-03 08:40:00,CHZUSDT,5m,0.27,14.814814814814817,815.105,353738.86684000003,433.9795079652315,3.91%
213,2022-10-27 10:00:00,CHZUSDT,15m,0.27,25.925925925925924,2131.396,912153.25975,427.96048212063823,6.49%
214,2022-09-26 04:00:00,CHZUSDT,1h,0.27,7.407407407407414,4742.165,2105839.52343,444.067113529369,6.26%
215,2022-11-06 18:43:04,BANDUSDT,1s,2.67,-0.7490636704119857,3.142,810.83735,258.0640833863781,nan%
216,2022-11-06 02:20:00,BANDUSDT,1m,2.65,-5.660377358490563,83.45,24668.76882,295.6113699221091,1.62%
217,2022-11-03 08:40:00,BANDUSDT,5m,2.65,37.735849056603776,1421.493,379294.69126999995,266.82839188796567,10.57%
218,2022-10-27 10:00:00,BANDUSDT,15m,2.65,57.73584905660377,1637.153,421017.5372,257.1644416862688,41.39%
219,2022-09-26 04:00:00,BANDUSDT,1h,2.59,52.89575289575289,1910.773,464281.214,242.98083236470265,25.94%
220,2022-11-06 18:43:06,XTZUSDT,1s,1.37,0.0,0.478,87.24556000000001,182.52209205020924,0.12%
221,2022-11-06 02:20:00,XTZUSDT,1m,1.37,-4.379562043795607,11.951,2353.69215,196.9452054221404,0.44%
222,2022-11-03 08:40:00,XTZUSDT,5m,1.37,0.0,87.587,21921.04136,250.27733978786804,1.16%
223,2022-10-27 10:00:00,XTZUSDT,15m,1.37,-5.1094890510948785,199.89,47343.41556999999,236.84734388913898,0.68%
224,2022-09-26 04:00:00,XTZUSDT,1h,1.37,-5.839416058394149,562.521,126937.73723,225.658663818773,1.62%
225,2022-11-06 18:43:08,RENUSDT,1s,0.12,0.0,0.094,13.68227,145.55606382978723,nan%
226,2022-11-06 02:20:00,RENUSDT,1m,0.12,-8.333333333333341,7.073,1669.1748400000004,235.99248409444368,nan%
227,2022-11-03 08:40:00,RENUSDT,5m,0.12,0.0,71.93,16371.376279999997,227.6015053524259,4.12%
228,2022-10-27 10:00:00,RENUSDT,15m,0.12,0.0,113.608,25502.938249999996,224.4818872790648,3.38%
229,2022-09-26 04:00:00,RENUSDT,1h,0.12,8.33333333333333,330.413,79638.80759,241.02806968854128,3.1%
230,2022-11-06 18:43:10,RVNUSDT,1s,0.03,0.0,0.299,64.38740000000001,215.34247491638803,nan%
231,2022-11-06 02:20:00,RVNUSDT,1m,0.03,0.0,14.934,3105.96583,207.9794984598902,0.0%
232,2022-11-03 08:40:00,RVNUSDT,5m,0.03,0.0,94.085,18645.74964,198.17983355476434,0.0%
233,2022-10-27 10:00:00,RVNUSDT,15m,0.03,0.0,262.274,49069.94978,187.09422123428172,0.0%
234,2022-09-26 04:00:00,RVNUSDT,1h,0.03,-33.33333333333334,1149.317,239090.65672,208.02846970853125,10.2%
235,2022-11-06 18:43:12,HBARUSDT,1s,0.06,0.0,0.569,125.80841000000001,221.1044112478032,0.0%
236,2022-11-06 02:20:00,HBARUSDT,1m,0.06,0.0,17.604,4570.11558,259.6066564417178,0.0%
237,2022-11-03 08:40:00,HBARUSDT,5m,0.06,0.0,101.261,30240.58454,298.63999506226486,0.0%
238,2022-10-27 10:00:00,HBARUSDT,15m,0.06,0.0,240.262,70444.68229000001,293.1994334934364,0.0%
239,2022-09-26 04:00:00,HBARUSDT,1h,0.06,0.0,915.458,242595.20290000003,264.9987251190115,0.0%
240,2022-11-06 18:43:14,NKNUSDT,1s,0.1,0.0,0.241,82.77044000000001,343.44580912863074,0.0%
241,2022-11-06 02:20:00,NKNUSDT,1m,0.1,-9.999999999999995,9.489,2136.28891,225.13319738644748,0.0%
242,2022-11-03 08:40:00,NKNUSDT,5m,0.1,-19.99999999999999,218.117,55728.72873,255.49924457974393,4.17%
243,2022-10-27 10:00:00,NKNUSDT,15m,0.1,10.000000000000009,362.201,87994.96912000002,242.94513024536104,17.98%
244,2022-09-26 04:00:00,NKNUSDT,1h,0.1,10.000000000000009,478.842,107401.82759999999,224.29491899206835,8.89%
245,2022-11-06 18:43:15,KAVAUSDT,1s,1.39,-1.4388489208633108,1.622,892.4725999999999,550.2297163995067,nan%
246,2022-11-06 02:20:00,KAVAUSDT,1m,1.39,-3.5971223021582768,20.881,6016.724949999999,288.1435252143096,0.53%
247,2022-11-03 08:40:00,KAVAUSDT,5m,1.38,-0.724637681159421,95.97,26499.925769999994,276.1271831822444,1.18%
248,2022-10-27 10:00:00,KAVAUSDT,15m,1.38,-10.869565217391315,268.794,63122.450520000006,234.8357869595304,1.34%
249,2022-09-26 04:00:00,KAVAUSDT,1h,1.38,-6.521739130434789,771.869,183436.55821000002,237.65244906843003,1.14%
250,2022-11-06 18:43:17,ARPAUSDT,1s,0.04,0.0,0.116,9.40454,81.07362068965517,nan%
251,2022-11-06 02:20:00,ARPAUSDT,1m,0.04,0.0,10.303,1281.80794,124.41113656216635,0.0%
252,2022-11-03 08:40:00,ARPAUSDT,5m,0.04,0.0,59.284,8482.0114,143.07420889278725,0.0%
253,2022-10-27 10:00:00,ARPAUSDT,15m,0.04,25.000000000000007,160.1,22799.10089,142.40537720174893,14.13%
254,2022-09-26 04:00:00,ARPAUSDT,1h,0.04,25.000000000000007,773.824,132782.60437000002,171.5927709272393,14.11%
255,2022-11-06 18:43:20,IOTXUSDT,1s,0.03,0.0,0.529,57.26678999999999,108.25480151228732,nan%
256,2022-11-06 02:20:00,IOTXUSDT,1m,0.03,0.0,22.505,2858.2404999999994,127.00468784714506,0.0%
257,2022-11-03 08:40:00,IOTXUSDT,5m,0.03,0.0,217.967,30888.135810000003,141.71014791229865,14.23%
258,2022-10-27 10:15:00,IOTXUSDT,15m,0.03,0.0,362.983,48909.95698999999,134.7444838739004,0.0%
259,2022-09-26 05:00:00,IOTXUSDT,1h,0.03,0.0,664.714,90810.26612,136.61554611456955,0.0%
260,2022-11-06 18:43:22,RLCUSDT,1s,1.18,-0.8474576271186449,0.208,18.64705,89.64927884615385,nan%
261,2022-11-06 02:21:00,RLCUSDT,1m,1.18,-6.779661016949159,7.802,1201.77738,154.0345270443476,0.37%
262,2022-11-03 08:45:00,RLCUSDT,5m,1.18,1.6949152542372898,61.371,11136.63867,181.46418780857408,2.4%
263,2022-10-27 10:15:00,RLCUSDT,15m,1.18,7.627118644067784,165.288,28954.284700000004,175.17475376312862,3.05%
264,2022-09-26 05:00:00,RLCUSDT,1h,1.18,1.6949152542372898,359.505,59594.93233,165.7694116354432,1.62%
265,2022-11-06 18:43:24,BCHUSDT,1s,116.7,-0.08568980291344842,0.515,138.38921000000002,268.71691262135926,nan%
266,2022-11-06 02:21:00,BCHUSDT,1m,116.7,-4.627249357326471,22.727,5996.5318099999995,263.8505658467901,0.5%
267,2022-11-03 08:45:00,BCHUSDT,5m,116.7,1.6281062553556176,134.188,34346.906590000006,255.9610888455004,1.91%
268,2022-10-27 10:15:00,BCHUSDT,15m,116.7,1.7994858611825266,385.536,97237.17418999999,252.21295596260788,1.24%
269,2022-09-26 05:00:00,BCHUSDT,1h,116.7,-0.08568980291344842,1090.546,305621.92821000004,280.24670963902486,1.03%
270,2022-11-06 18:43:26,FTTUSDT,1s,22.26,-0.13477088948785976,2.38,849.9520600000001,357.1227142857143,0.04%
271,2022-11-06 02:21:00,FTTUSDT,1m,22.26,-3.189577717879592,336.99,115333.27593,342.2453957980949,0.64%
272,2022-11-03 08:45:00,FTTUSDT,5m,22.26,-9.299191374663057,486.987,158565.69158999997,325.605594379316,1.69%
273,2022-10-27 10:15:00,FTTUSDT,15m,22.25,-11.14606741573034,689.69,208634.84704,302.5052516927895,1.71%
274,2022-09-26 05:00:00,FTTUSDT,1h,22.25,-7.505617977528098,1377.85,397753.2248,288.6767244620242,0.63%
275,2022-11-06 18:43:28,OGNUSDT,1s,0.15,0.0,0.297,56.74564,191.06276094276095,nan%
276,2022-11-06 02:21:00,OGNUSDT,1m,0.15,-6.666666666666673,12.413,2356.01643,189.80233867719326,nan%
277,2022-11-03 08:45:00,OGNUSDT,5m,0.15,0.0,141.079,27994.21864,198.42938098512178,1.42%
278,2022-10-27 10:15:00,OGNUSDT,15m,0.15,6.666666666666654,243.678,47670.61217,195.62952818883937,2.97%
279,2022-09-26 05:00:00,OGNUSDT,1h,0.15,0.0,521.47,106527.13431000001,204.28238309011064,3.32%
280,2022-11-06 18:43:30,BTSUSDT,1s,0.01,0.0,0.042,1.0749499999999999,25.594047619047615,nan%
281,2022-11-06 02:21:00,BTSUSDT,1m,0.01,0.0,2.424,182.88861,75.44909653465346,nan%
282,2022-11-03 08:45:00,BTSUSDT,5m,0.01,0.0,13.96,988.4244699999999,70.80404512893982,0.0%
283,2022-10-27 10:15:00,BTSUSDT,15m,0.01,0.0,30.07,2111.3513399999997,70.21454406385101,0.0%
284,2022-09-26 05:00:00,BTSUSDT,1h,0.01,0.0,153.223,15329.6211,100.04778068566729,0.0%
285,2022-11-06 18:43:32,COTIUSDT,1s,0.1,0.0,0.193,32.83064999999999,170.1069948186528,nan%
286,2022-11-06 02:21:00,COTIUSDT,1m,0.1,-9.999999999999995,8.522,1639.2301699999998,192.35275404834545,0.0%
287,2022-11-03 08:45:00,COTIUSDT,5m,0.1,0.0,63.926,13967.152669999998,218.48938882457838,3.44%
288,2022-10-27 10:15:00,COTIUSDT,15m,0.1,-9.999999999999995,140.591,28116.3575,199.9868946091855,4.65%
289,2022-09-26 05:00:00,COTIUSDT,1h,0.1,0.0,614.17,131534.61229999998,214.16645603008936,4.46%
290,2022-11-06 18:43:34,SOLUSDT,1s,32.61,-0.9506286415210128,5.592,5471.564479999999,978.4628898426322,0.18%
291,2022-11-06 02:21:00,SOLUSDT,1m,32.6,-9.723926380368104,249.392,126763.03972,508.2883160646693,1.17%
292,2022-11-03 08:45:00,SOLUSDT,5m,32.6,4.294478527607368,1164.615,599485.30701,514.7497731095684,4.79%
293,2022-10-27 10:15:00,SOLUSDT,15m,32.6,2.852760736196318,2386.071,1230402.5495099998,515.6604935519521,2.04%
294,2022-09-26 05:00:00,SOLUSDT,1h,32.6,-2.0552147239263854,6451.427,3481787.4323899997,539.692603262813,2.36%
295,2022-11-06 18:43:36,CTSIUSDT,1s,0.14,0.0,0.178,30.62669,172.0600561797753,nan%
296,2022-11-06 02:21:00,CTSIUSDT,1m,0.14,-7.142857142857128,5.486,910.6347,165.99247174626322,0.0%
297,2022-11-03 08:45:00,CTSIUSDT,5m,0.14,0.0,63.801,14435.50218,226.25824328772273,2.31%
298,2022-10-27 10:15:00,CTSIUSDT,15m,0.14,7.142857142857148,111.462,22405.05814,201.01073137033248,4.63%
299,2022-09-26 05:00:00,CTSIUSDT,1h,0.14,0.0,231.468,41193.41795,177.9659302797795,0.0%
300,2022-11-06 18:43:38,CHRUSDT,1s,0.15,0.0,0.264,61.49367,232.9305681818182,nan%
301,2022-11-06 02:21:00,CHRUSDT,1m,0.15,-13.333333333333346,10.663,2728.7502999999997,255.90830910625525,2.95%
302,2022-11-03 08:45:00,CHRUSDT,5m,0.15,0.0,75.433,18940.61903,251.09194954462902,2.75%
303,2022-10-27 10:15:00,CHRUSDT,15m,0.15,0.0,195.959,44347.77835,226.31151592935257,2.04%
304,2022-09-26 05:00:00,CHRUSDT,1h,0.15,0.0,491.809,105372.35464,214.25462860582056,1.21%
305,2022-11-06 18:43:41,STMXUSDT,1s,0.01,0.0,0.064,1.5805300000000002,24.695781250000003,nan%
306,2022-11-06 02:21:00,STMXUSDT,1m,0.01,0.0,4.455,386.96904,86.86173737373737,0.0%
307,2022-11-03 08:45:00,STMXUSDT,5m,0.01,0.0,29.719,3203.8234199999997,107.80387698105588,0.0%
308,2022-10-27 10:15:00,STMXUSDT,15m,0.01,0.0,81.67,10898.13036,133.44104763070894,0.0%
309,2022-09-26 05:00:00,STMXUSDT,1h,0.01,0.0,192.176,31467.34569,163.74232833444344,0.0%
310,2022-11-06 18:43:43,KNCUSDT,1s,0.88,-1.1363636363636374,0.528,121.8206,230.72083333333333,nan%
311,2022-11-06 02:21:00,KNCUSDT,1m,0.88,-6.818181818181812,11.643,2576.89654,221.32582152366228,0.69%
312,2022-11-03 08:45:00,KNCUSDT,5m,0.88,0.0,49.273,11742.161259999999,238.3082268179327,2.47%
313,2022-10-27 10:15:00,KNCUSDT,15m,0.88,-4.545454545454549,138.186,33114.02321,239.633705368127,0.98%
314,2022-09-26 05:00:00,KNCUSDT,1h,0.88,-31.818181818181806,496.622,119371.53779999999,240.3669950183439,5.86%
315,2022-11-06 18:43:45,LRCUSDT,1s,0.33,-3.030303030303033,0.58,86.80086,149.6566551724138,0.0%
316,2022-11-06 02:21:00,LRCUSDT,1m,0.33,-9.090909090909081,50.666,11383.06137,224.6686411005408,0.0%
317,2022-11-03 08:45:00,LRCUSDT,5m,0.33,18.18181818181818,701.114,180424.54851,257.3398170768234,10.89%
318,2022-10-27 10:15:00,LRCUSDT,15m,0.33,18.18181818181818,855.762,219212.94996,256.1611171797766,10.81%
319,2022-09-26 05:00:00,LRCUSDT,1h,0.33,9.090909090909099,1238.051,306190.69166,247.31670315681666,4.28%
320,2022-11-06 18:43:47,COMPUSDT,1s,48.47,-0.5983082318960165,0.329,52.607169999999996,159.90021276595743,nan%
321,2022-11-06 02:21:00,COMPUSDT,1m,48.47,-5.384774087064162,12.337,2146.88614,174.02011347977628,0.29%
322,2022-11-03 08:45:00,COMPUSDT,5m,48.47,1.1759851454507948,85.922,16474.33841,191.7359746048742,2.05%
323,2022-10-27 10:15:00,COMPUSDT,15m,48.47,-7.5716938312358195,266.548,52972.80496,198.73645632306378,0.96%
324,2022-09-26 05:00:00,COMPUSDT,1h,48.47,-32.53558902413863,883.772,183769.66078,207.93786268404068,4.5%
325,2022-11-06 18:43:49,SCUSDT,1s,0.0,,0.028,1.32178,47.20642857142857,nan%
326,2022-11-06 02:21:00,SCUSDT,1m,0.0,,1.931,198.11825,102.59878301398238,nan%
327,2022-11-03 08:45:00,SCUSDT,5m,0.0,,18.117,2867.43107,158.27295192360765,nan%
328,2022-10-27 10:15:00,SCUSDT,15m,0.0,,43.2,6438.27574,149.03416064814814,nan%
329,2022-09-26 05:00:00,SCUSDT,1h,0.0,,121.874,15736.642310000001,129.12222713622268,nan%
330,2022-11-06 18:43:52,ZENUSDT,1s,13.68,-0.5116959064327506,0.172,9.571729999999999,55.64959302325581,nan%
331,2022-11-06 02:21:00,ZENUSDT,1m,13.68,-4.751461988304096,7.798,930.19784,119.2867196717107,nan%
332,2022-11-03 08:45:00,ZENUSDT,5m,13.68,3.728070175438595,44.234,6191.97463,139.9822451055749,2.54%
333,2022-10-27 10:15:00,ZENUSDT,15m,13.68,1.096491228070178,109.468,13465.953870000001,123.01269658713049,1.1%
334,2022-09-26 05:00:00,ZENUSDT,1h,13.68,-1.535087719298252,319.334,39246.03372,122.89964025127296,2.54%
335,2022-11-06 18:43:54,SNXUSDT,1s,2.52,-0.7936507936507943,0.808,256.67039,317.66137376237623,nan%
336,2022-11-06 02:21:00,SNXUSDT,1m,2.51,-5.1792828685259105,20.779,5572.313889999999,268.1704552673372,0.46%
337,2022-11-03 08:45:00,SNXUSDT,5m,2.51,1.593625498007952,127.909,34384.77172,268.822144806073,2.58%
338,2022-10-27 10:15:00,SNXUSDT,15m,2.51,1.1952191235059684,359.943,101471.20368,281.90909027262654,1.51%
339,2022-09-26 05:00:00,SNXUSDT,1h,2.51,8.366533864541832,1070.107,311792.26324,291.3655019918569,1.43%
340,2022-11-06 18:43:56,DGBUSDT,1s,0.01,0.0,0.196,33.00952,168.41591836734693,0.0%
341,2022-11-06 02:21:00,DGBUSDT,1m,0.01,0.0,5.629,545.51175,96.91095221176053,nan%
342,2022-11-03 08:45:00,DGBUSDT,5m,0.01,0.0,49.147,5931.50261,120.68900665350886,0.0%
343,2022-10-27 10:15:00,DGBUSDT,15m,0.01,0.0,88.071,10624.974199999999,120.64100782323352,0.0%
344,2022-09-26 05:00:00,DGBUSDT,1h,0.01,0.0,235.741,32247.81219,136.79339694834584,0.0%
345,2022-11-06 18:43:58,SXPUSDT,1s,0.32,-3.1250000000000027,0.361,51.401979999999995,142.38775623268697,nan%
346,2022-11-06 02:21:00,SXPUSDT,1m,0.32,-6.250000000000005,14.887,2067.77913,138.89830926311546,1.42%
347,2022-11-03 08:45:00,SXPUSDT,5m,0.32,0.0,82.891,10668.58575,128.7062015176557,1.75%
348,2022-10-27 10:15:00,SXPUSDT,15m,0.32,-3.1250000000000027,208.148,26796.45332,128.73750081672657,0.87%
349,2022-09-26 05:00:00,SXPUSDT,1h,0.32,-6.250000000000005,578.545,87799.66036,151.75943160860433,2.41%
350,2022-11-06 18:44:00,MKRUSDT,1s,845.0,0.7100591715976331,0.419,106.55257,254.30207637231504,nan%
351,2022-11-06 02:21:00,MKRUSDT,1m,845.0,-5.9171597633136095,8.474,2291.2646,270.3876091574227,0.38%
352,2022-11-03 08:45:00,MKRUSDT,5m,845.0,-1.183431952662722,29.509,7767.1673900000005,263.21350740452067,1.55%
353,2022-10-27 10:15:00,MKRUSDT,15m,845.0,-9.822485207100591,93.802,24130.39111,257.24815153195027,0.88%
354,2022-09-26 05:00:00,MKRUSDT,1h,845.0,17.159763313609467,588.995,163061.90924,276.84769690744406,9.43%
355,2022-11-06 18:44:01,STORJUSDT,1s,0.46,0.0,0.285,42.739110000000004,149.96178947368423,nan%
356,2022-11-06 02:21:00,STORJUSDT,1m,0.46,-4.3478260869565135,7.259,1602.0371399999997,220.69667171786742,0.58%
357,2022-11-03 08:45:00,STORJUSDT,5m,0.46,-4.3478260869565135,75.307,19560.354,259.7415114132816,0.07%
358,2022-10-27 10:15:00,STORJUSDT,15m,0.46,6.521739130434788,194.894,45925.41437,235.64303862612496,4.28%
359,2022-09-26 05:00:00,STORJUSDT,1h,0.46,0.0,503.689,98944.75919000001,196.44018271195125,1.64%
360,2022-11-06 18:44:04,MANAUSDT,1s,0.66,-1.5151515151515165,1.224,213.64957,174.5503022875817,nan%
361,2022-11-06 02:21:00,MANAUSDT,1m,0.66,-6.060606060606049,36.592,6821.75028,186.42736882378662,0.31%
362,2022-11-03 08:45:00,MANAUSDT,5m,0.66,3.030303030303033,253.296,53525.60436,211.31642173583475,3.6%
363,2022-10-27 10:15:00,MANAUSDT,15m,0.66,3.030303030303033,725.454,153342.26424000002,211.37420737910332,2.21%
364,2022-09-26 05:00:00,MANAUSDT,1h,0.66,-6.060606060606049,1642.166,372218.2045,226.6629588604319,2.48%
365,2022-11-06 18:44:06,YFIUSDT,1s,7937.0,-0.15119062618117676,0.165,42.120659999999994,255.27672727272721,nan%
366,2022-11-06 02:21:00,YFIUSDT,1m,7919.0,-3.5863114029549186,8.314,1920.3593799999999,230.97899687274474,0.3%
367,2022-11-03 08:45:00,YFIUSDT,5m,7919.0,-2.247758555373153,65.531,13433.390850000002,204.9929170926737,1.14%
368,2022-10-27 10:15:00,YFIUSDT,15m,7919.0,-5.0006313928526325,176.852,36749.15932,207.79611946712504,0.6%
369,2022-09-26 05:00:00,YFIUSDT,1h,7919.0,-3.763101401692133,495.882,100392.46978999999,202.45233702776062,1.45%
370,2022-11-06 18:44:09,BALUSDT,1s,6.66,-0.750750750750748,0.038,6.09615,160.42499999999998,nan%
371,2022-11-06 02:21:00,BALUSDT,1m,6.65,-5.413533834586457,4.531,508.90457999999995,112.31617303023614,0.39%
372,2022-11-03 08:45:00,BALUSDT,5m,6.65,1.2030075187969935,25.257,3054.07975,120.92013105277744,1.84%
373,2022-10-27 10:15:00,BALUSDT,15m,6.65,-3.157894736842105,69.673,12074.988809999999,173.3094428257718,0.61%
374,2022-09-26 05:00:00,BALUSDT,1h,6.65,20.150375939849635,267.521,51761.545079999996,193.4859135544499,5.35%
375,2022-11-06 18:44:12,BLZUSDT,1s,0.08,0.0,0.17,24.18111,142.24182352941176,nan%
376,2022-11-06 02:21:00,BLZUSDT,1m,0.08,-12.499999999999993,19.285,3896.6448500000006,202.05573502722325,0.0%
377,2022-11-03 08:45:00,BLZUSDT,5m,0.08,0.0,96.709,20715.583119999996,214.20532856300855,5.23%
378,2022-10-27 10:15:00,BLZUSDT,15m,0.08,0.0,252.695,52877.564009999995,209.25449260966778,0.0%
379,2022-09-26 05:00:00,BLZUSDT,1h,0.08,0.0,595.05,127709.23122999999,214.619328174103,4.82%
380,2022-11-06 18:44:14,SRMUSDT,1s,0.76,0.0,0.271,89.57811000000001,330.5465313653137,nan%
381,2022-11-06 02:21:00,SRMUSDT,1m,0.76,-5.263157894736847,13.766,3769.5923900000003,273.8335311637368,1.14%
382,2022-11-03 08:45:00,SRMUSDT,5m,0.76,1.3157894736842117,67.297,17929.97884,266.43058145236785,3.53%
383,2022-10-27 10:15:00,SRMUSDT,15m,0.76,-2.6315789473684235,138.681,34444.58325,248.37276375278518,1.07%
384,2022-09-26 05:00:00,SRMUSDT,1h,0.76,0.0,335.311,78192.10885,233.19279370494857,1.02%
385,2022-11-06 18:44:15,ANTUSDT,1s,1.86,0.0,0.322,41.79737,129.80549689440994,nan%
386,2022-11-06 02:21:00,ANTUSDT,1m,1.85,-7.567567567567562,10.771,1346.2644100000002,124.98973261535606,0.87%
387,2022-11-03 08:45:00,ANTUSDT,5m,1.85,-3.2432432432432337,133.684,20578.56089,153.93435931001466,4.14%
388,2022-10-27 10:15:00,ANTUSDT,15m,1.85,4.324324324324328,273.838,38656.47282,141.16548039351733,3.88%
389,2022-09-26 05:00:00,ANTUSDT,1h,1.85,13.513513513513512,558.168,79681.62281,142.75562699760644,2.24%
390,2022-11-06 18:44:18,CRVUSDT,1s,0.95,-1.0526315789473695,0.38,139.01673,365.83349999999996,nan%
391,2022-11-06 02:21:00,CRVUSDT,1m,0.95,-3.157894736842108,25.193,9395.79372,372.9525550748223,0.94%
392,2022-11-03 08:45:00,CRVUSDT,5m,0.95,7.368421052631574,168.032,59992.54085000001,357.03045164016385,3.61%
393,2022-10-27 10:15:00,CRVUSDT,15m,0.95,2.105263157894727,339.718,110958.70248,326.6200274345192,1.39%
394,2022-09-26 05:00:00,CRVUSDT,1h,0.95,4.210526315789466,1003.858,346253.47038,344.92275837817704,1.73%
395,2022-11-06 18:44:20,SANDUSDT,1s,0.85,0.0,2.228,923.4579899999999,414.47845152603225,nan%
396,2022-11-06 02:21:00,SANDUSDT,1m,0.84,-7.1428571428571495,72.654,18584.03798,255.7882288655821,0.62%
397,2022-11-03 08:45:00,SANDUSDT,5m,0.84,2.380952380952383,519.25,152905.07251,294.47293694752045,3.96%
398,2022-10-27 10:15:00,SANDUSDT,15m,0.84,5.952380952380945,1482.22,408120.01963,275.3437543886872,4.06%
399,2022-09-26 05:00:00,SANDUSDT,1h,0.84,-2.380952380952383,2886.036,815109.82538,282.4323138658007,2.15%
400,2022-11-06 18:44:22,OCEANUSDT,1s,0.22,0.0,3.915,814.0476100000001,207.93042401021714,0.0%
401,2022-11-06 02:22:00,OCEANUSDT,1m,0.22,-4.545454545454549,36.655,12085.388719999999,329.706417132724,1.72%
402,2022-11-03 08:45:00,OCEANUSDT,5m,0.22,13.636363636363635,362.04,106854.25210999999,295.1448793227267,5.29%
403,2022-10-27 10:15:00,OCEANUSDT,15m,0.22,22.72727272727272,505.38,145665.21787999998,288.2290907435988,8.06%
404,2022-09-26 05:00:00,OCEANUSDT,1h,0.22,22.72727272727272,828.253,218210.93103,263.45927033164986,5.61%
405,2022-11-06 18:44:23,DOTUSDT,1s,6.81,-0.14684287812042107,0.661,698.66996,1056.989349470499,nan%
406,2022-11-06 02:22:00,DOTUSDT,1m,6.8,-2.941176470588238,37.186,28928.77522,777.9480239875222,0.28%
407,2022-11-03 08:45:00,DOTUSDT,5m,6.79,6.332842415316637,246.471,174915.54136,709.6800084391267,2.56%
408,2022-10-27 10:15:00,DOTUSDT,15m,6.79,4.565537555228271,580.657,419672.82810000004,722.7551344425367,1.18%
409,2022-09-26 05:00:00,DOTUSDT,1h,6.79,5.596465390279821,1798.617,1296918.3158600002,721.0641931328349,1.14%
410,2022-11-06 18:44:26,RSRUSDT,1s,0.01,0.0,0.912,298.18643999999995,326.9588157894736,nan%
411,2022-11-06 02:22:00,RSRUSDT,1m,0.01,0.0,28.148,9995.26641,355.09685981242006,0.0%
412,2022-11-03 08:45:00,RSRUSDT,5m,0.01,0.0,178.969,65375.22181,365.2879650107002,0.0%
413,2022-10-27 10:15:00,RSRUSDT,15m,0.01,0.0,374.588,135669.82126,362.1841096351191,0.0%
414,2022-09-26 05:00:00,RSRUSDT,1h,0.01,0.0,1626.768,617363.5891200001,379.50315540999094,0.0%
415,2022-11-06 18:44:28,TRBUSDT,1s,16.13,-0.12399256044637058,0.087,14.52807,166.9893103448276,nan%
416,2022-11-06 02:22:00,TRBUSDT,1m,16.13,-5.393676379417242,7.072,1436.4671,203.12034785067874,0.86%
417,2022-11-03 08:45:00,TRBUSDT,5m,16.07,1.2445550715619231,63.891,16593.111539999998,259.70968587124946,2.05%
418,2022-10-27 10:15:00,TRBUSDT,15m,16.07,5.040448039825765,144.749,33222.924719999995,229.52092739846213,2.71%
419,2022-09-26 05:00:00,TRBUSDT,1h,16.07,6.596141879278161,356.281,88931.95323999999,249.61183234581688,1.48%
420,2022-11-06 18:44:29,SUSHIUSDT,1s,1.72,-0.5813953488372098,0.77,219.23534999999998,284.72123376623375,nan%
421,2022-11-06 02:22:00,SUSHIUSDT,1m,1.72,-4.651162790697678,47.716,13676.36924,286.62019532232375,0.65%
422,2022-11-03 08:45:00,SUSHIUSDT,5m,1.71,3.5087719298245648,371.312,105096.73463999998,283.0415786185202,3.21%
423,2022-10-27 10:15:00,SUSHIUSDT,15m,1.71,2.9239766081871372,964.574,288566.53744,299.1647477953998,1.96%
424,2022-09-26 05:00:00,SUSHIUSDT,1h,1.71,38.59649122807017,2422.071,744422.44699,307.34955622275317,10.92%
425,2022-11-06 18:44:32,KSMUSDT,1s,36.05,-0.9153952843273382,0.927,251.51820999999995,271.3249298813376,0.22%
426,2022-11-06 02:22:00,KSMUSDT,1m,36.05,-5.603328710124836,23.748,4911.414769999999,206.81382726966478,0.3%
427,2022-11-03 08:45:00,KSMUSDT,5m,35.71,6.944833380005612,121.88,25104.476339999997,205.9769965539875,3.77%
428,2022-10-27 10:15:00,KSMUSDT,15m,35.71,-0.05600672080648564,270.871,52632.78974,194.30943046690123,1.07%
429,2022-09-26 05:00:00,KSMUSDT,1h,35.71,-17.334080089610744,707.379,130501.67038,184.48620948600396,4.37%
430,2022-11-06 18:44:34,EGLDUSDT,1s,54.6,-0.8608058608058586,0.848,331.04644,390.3849528301887,nan%
431,2022-11-06 02:22:00,EGLDUSDT,1m,54.58,-5.533162330524007,28.627,8124.76852,283.81487826178085,0.4%
432,2022-11-03 08:45:00,EGLDUSDT,5m,54.58,-11.506046170758522,174.444,50356.03067,288.66587942262277,0.48%
433,2022-10-27 10:15:00,EGLDUSDT,15m,54.58,-4.049102235251009,467.532,129904.41373,277.85138499610724,2.2%
434,2022-09-26 05:00:00,EGLDUSDT,1h,54.58,14.052766581165265,1656.787,466399.36503999995,281.5083441866697,5.21%
435,2022-11-06 18:44:36,RUNEUSDT,1s,1.61,-0.6211180124223608,0.551,178.29943,323.59243194192373,nan%
436,2022-11-06 02:22:00,RUNEUSDT,1m,1.61,-1.8633540372670687,32.978,9213.64164,279.38752016495846,0.87%
437,2022-11-03 08:45:00,RUNEUSDT,5m,1.6,7.500000000000007,152.805,44007.69070000001,287.9990229377311,3.06%
438,2022-10-27 10:15:00,RUNEUSDT,15m,1.6,2.500000000000002,403.964,106588.88472999999,263.85738513827965,0.94%
439,2022-09-26 05:00:00,RUNEUSDT,1h,1.6,-1.250000000000001,1160.532,305299.38096999994,263.0684728814026,1.44%
440,2022-11-06 18:44:38,BELUSDT,1s,0.57,0.0,0.114,12.382060000000001,108.61456140350877,nan%
441,2022-11-06 02:22:00,BELUSDT,1m,0.57,-7.0175438596491295,6.984,1236.7053399999998,177.07693871706755,nan%
442,2022-11-03 08:45:00,BELUSDT,5m,0.57,-3.5087719298245648,62.039,14123.248309999999,227.65112767775108,0.66%
443,2022-10-27 10:15:00,BELUSDT,15m,0.57,3.508771929824545,142.385,28459.268,199.87546440987464,2.45%
444,2022-09-26 05:00:00,BELUSDT,1h,0.57,1.7543859649122628,448.538,93022.30556000001,207.39002171499405,1.98%
445,2022-11-06 18:44:40,UNIUSDT,1s,7.06,-0.708215297450435,0.964,715.5553000000001,742.2772821576765,nan%
446,2022-11-06 02:22:00,UNIUSDT,1m,7.05,-6.099290780141853,27.097,13840.4722,510.7750747315201,0.48%
447,2022-11-03 08:45:00,UNIUSDT,5m,7.05,-0.7092198581560258,179.185,91032.12946,508.0343190557245,1.95%
448,2022-10-27 10:15:00,UNIUSDT,15m,7.05,0.14184397163120266,531.241,271342.4687,510.77094708428007,1.37%
449,2022-09-26 05:00:00,UNIUSDT,1h,7.05,18.297872340425535,1639.247,832181.15267,507.6606226334408,1.88%
450,2022-11-06 18:44:43,AVAXUSDT,1s,18.2,-0.87912087912088,1.445,721.92731,499.60367474048445,0.21%
451,2022-11-06 02:22:00,AVAXUSDT,1m,18.19,-6.981858163826275,48.219,16350.79726,339.0944909682905,0.55%
452,2022-11-03 08:45:00,AVAXUSDT,5m,18.19,-0.27487630566243626,322.414,123655.17089,383.5291609235331,2.11%
453,2022-10-27 10:15:00,AVAXUSDT,15m,18.19,5.99230346344145,1024.485,409192.35279000003,399.41273204585724,2.52%
454,2022-09-26 05:00:00,AVAXUSDT,1h,18.19,4.068169323804298,2660.934,1129407.08353,424.44009642103106,2.08%
455,2022-10-13 22:43:20,HNTUSDT,1s,4.67,0.2141327623126293,0.403,198.87924999999998,493.4968982630272,nan%
456,2022-10-13 06:20:00,HNTUSDT,1m,4.58,1.746724890829696,13.09,2678.77345,204.64273873185638,0.81%
457,2022-10-10 11:40:00,HNTUSDT,5m,4.58,-1.091703056768555,97.099,25861.93214,266.346019423475,0.91%
458,2022-10-03 13:00:00,HNTUSDT,15m,4.58,-9.606986899563308,331.679,100533.99669,303.1063066700033,2.86%
459,2022-09-02 07:00:00,HNTUSDT,1h,4.58,-5.240174672489087,1798.029,635808.27954,353.61402932878167,3.77%
460,2022-11-06 18:44:48,FLMUSDT,1s,0.11,0.0,0.111,16.96639,152.85036036036036,nan%
461,2022-11-06 02:22:00,FLMUSDT,1m,0.11,-9.090909090909086,5.005,850.8459900000001,169.99919880119884,0.0%
462,2022-11-03 08:45:00,FLMUSDT,5m,0.11,0.0,42.694,8458.24457,198.11319084648898,2.18%
463,2022-10-27 10:15:00,FLMUSDT,15m,0.11,0.0,98.915,18648.469269999998,188.53024586766412,4.3%
464,2022-09-26 05:00:00,FLMUSDT,1h,0.11,0.0,355.556,77996.88097,219.3659535206831,3.96%
465,2022-11-06 18:44:50,ALPHAUSDT,1s,0.13,0.0,0.635,156.71192000000005,246.79042519685046,nan%
466,2022-11-06 02:22:00,ALPHAUSDT,1m,0.13,-7.692307692307699,8.39,1893.1359,225.64194278903454,0.0%
467,2022-11-03 08:45:00,ALPHAUSDT,5m,0.13,0.0,105.479,25878.294340000004,245.34072507323737,1.88%
468,2022-10-27 10:15:00,ALPHAUSDT,15m,0.13,7.692307692307699,169.84,40428.345219999996,238.03783101742815,5.46%
469,2022-09-26 05:00:00,ALPHAUSDT,1h,0.13,15.384615384615389,416.272,93208.88738999999,223.91342052792402,4.57%
470,2022-11-06 18:44:52,AAVEUSDT,1s,86.4,-0.5787037037037037,0.984,176.42588999999998,179.29460365853657,0.1%
471,2022-11-06 02:22:00,AAVEUSDT,1m,86.3,-6.604866743916574,30.308,9411.18807,310.5182813118649,0.65%
472,2022-11-03 08:45:00,AAVEUSDT,5m,86.2,3.0162412993039545,232.737,70340.87341,302.2333080257974,3.66%
473,2022-10-27 10:15:00,AAVEUSDT,15m,86.2,2.204176334106735,462.72,133157.38432999997,287.77097235909395,2.18%
474,2022-09-26 05:00:00,AAVEUSDT,1h,86.2,12.180974477958237,1265.239,359623.42683,284.2335928864033,2.66%
475,2022-11-06 18:44:55,NEARUSDT,1s,3.09,-0.647249190938512,1.367,594.1047199999999,434.6047695683979,nan%
476,2022-11-06 02:22:00,NEARUSDT,1m,3.09,-5.501618122977344,50.699,18745.02975,369.73174520207505,0.37%
477,2022-11-03 08:45:00,NEARUSDT,5m,3.09,2.9126213592232966,339.666,129072.02655,379.9968985709491,2.51%
478,2022-10-27 10:15:00,NEARUSDT,15m,3.09,0.32362459546924877,964.622,353883.33653,366.8621869810143,1.14%
479,2022-09-26 05:00:00,NEARUSDT,1h,3.09,-20.38834951456312,2683.56,1043072.9805800001,388.6900164632056,4.99%
480,2022-11-06 18:44:57,FILUSDT,1s,5.82,0.0,0.855,523.56698,612.3590409356725,nan%
481,2022-11-06 02:22:00,FILUSDT,1m,5.82,-5.326460481099649,53.341,29913.20744,560.7920256463133,0.77%
482,2022-11-03 08:45:00,FILUSDT,5m,5.79,0.518134715025911,283.643,151042.12871000002,532.5078662614626,1.36%
483,2022-10-27 10:15:00,FILUSDT,15m,5.79,8.290155440414516,671.905,372965.02963,555.0859565414754,2.82%
484,2022-09-26 05:00:00,FILUSDT,1h,5.79,1.0362694300518067,1503.787,795273.6323299999,528.84725850802,2.64%
485,2022-11-06 18:44:59,INJUSDT,1s,2.61,-0.3831417624521162,0.999,291.08633999999995,291.37771771771764,0.15%
486,2022-11-06 02:22:00,INJUSDT,1m,2.6,-0.7692307692307698,42.821,13342.73425,311.5932428014292,1.86%
487,2022-11-03 08:45:00,INJUSDT,5m,2.59,-4.247104247104259,202.139,64033.46696,316.7793793379803,0.54%
488,2022-10-27 10:15:00,INJUSDT,15m,2.59,17.374517374517364,753.567,230850.82892000003,306.3441325323429,6.98%
489,2022-09-26 05:00:00,INJUSDT,1h,2.59,30.501930501930495,1543.326,443661.41787999996,287.47096717090227,6.51%
490,2022-11-06 18:45:02,AUDIOUSDT,1s,0.22,0.0,0.226,65.39389,289.35349557522125,0.0%
491,2022-11-06 02:22:00,AUDIOUSDT,1m,0.22,-9.090909090909086,10.255,3357.0192800000004,327.3543910287665,2.1%
492,2022-11-03 08:45:00,AUDIOUSDT,5m,0.22,0.0,91.914,30683.335170000002,333.82656798746655,3.8%
493,2022-10-27 10:15:00,AUDIOUSDT,15m,0.22,9.090909090909086,181.248,60230.823599999996,332.3116591631356,4.48%
494,2022-09-26 05:00:00,AUDIOUSDT,1h,0.22,0.0,347.37,98679.52905000001,284.0761408584507,3.97%
495,2022-11-06 18:45:03,CTKUSDT,1s,0.87,0.0,0.192,33.891169999999995,176.51651041666665,nan%
496,2022-11-06 02:22:00,CTKUSDT,1m,0.87,-3.448275862068969,7.317,1315.2264599999999,179.7494136941369,0.55%
497,2022-11-03 08:45:00,CTKUSDT,5m,0.87,6.896551724137924,40.98,7747.30506,189.05087994143486,2.04%
498,2022-10-27 10:15:00,CTKUSDT,15m,0.87,4.5977011494252915,86.925,15625.94551,179.7635376473972,1.18%
499,2022-09-26 05:00:00,CTKUSDT,1h,0.87,1.1494252873563229,232.953,41150.64117,176.64782668606972,1.17%
500,2022-11-06 18:45:05,AXSUSDT,1s,9.82,0.1018329938900182,0.798,203.55164000000002,255.07724310776945,0.09%
501,2022-11-06 02:22:00,AXSUSDT,1m,9.81,-6.320081549439339,34.235,9291.804269999999,271.4124220826639,0.49%
502,2022-11-03 08:45:00,AXSUSDT,5m,9.81,10.8053007135576,317.091,101769.44915999999,320.94713870781567,8.54%
503,2022-10-27 10:15:00,AXSUSDT,15m,9.81,5.606523955147815,599.951,174946.94358000002,291.6020534676999,3.3%
504,2022-09-26 05:00:00,AXSUSDT,1h,9.81,-27.01325178389399,1695.555,481289.75785000005,283.8538165084589,7.26%
505,2022-11-06 18:45:07,UNFIUSDT,1s,6.09,-0.6568144499178987,0.483,84.47505,174.89658385093168,nan%
506,2022-11-06 02:22:00,UNFIUSDT,1m,6.09,-8.866995073891626,19.014,3435.71493,180.6939586620385,1.25%
507,2022-11-03 08:45:00,UNFIUSDT,5m,6.08,2.796052631578946,189.246,37079.190200000005,195.9311700115194,2.21%
508,2022-10-27 10:15:00,UNFIUSDT,15m,6.08,4.769736842105264,457.954,83909.60622999999,183.22714995392548,2.65%
509,2022-09-26 05:00:00,UNFIUSDT,1h,6.08,-6.414473684210521,1307.651,237531.22436000002,181.64726242705433,3.4%
510,2022-11-06 18:45:10,ROSEUSDT,1s,0.06,0.0,0.803,181.40007,225.9029514321295,nan%
511,2022-11-06 02:22:00,ROSEUSDT,1m,0.06,-16.666666666666682,37.151,7594.264230000001,204.41614572959006,0.0%
512,2022-11-03 08:45:00,ROSEUSDT,5m,0.06,0.0,233.579,50437.955709999995,215.9353182863185,7.45%
513,2022-10-27 10:15:00,ROSEUSDT,15m,0.06,0.0,497.979,109191.68652,219.26966100980164,0.0%
514,2022-09-26 05:00:00,ROSEUSDT,1h,0.06,0.0,1326.601,316839.53646000003,238.83559296276727,0.0%
515,2022-11-06 18:45:12,AVAUSDT,1s,0.8,0.0,0.083,9.91986,119.51638554216866,nan%
516,2022-11-06 02:22:00,AVAUSDT,1m,0.8,0.0,10.754,1519.6852099999999,141.31348428491722,0.99%
517,2022-11-03 08:45:00,AVAUSDT,5m,0.8,7.500000000000007,31.03,4022.5888200000004,129.6354759909765,2.28%
518,2022-10-27 10:15:00,AVAUSDT,15m,0.8,10.000000000000009,68.308,7603.76325,111.31585246237628,1.98%
519,2022-09-26 05:00:00,AVAUSDT,1h,0.8,6.250000000000005,241.914,28716.45644,118.70522764288137,1.31%
520,2022-11-06 18:45:13,XEMUSDT,1s,0.04,0.0,0.075,6.72126,89.6168,nan%
521,2022-11-06 02:22:00,XEMUSDT,1m,0.04,0.0,1.734,259.52405000000005,149.66784890426763,nan%
522,2022-11-03 08:45:00,XEMUSDT,5m,0.04,0.0,20.015,2883.2442300000002,144.0541708718461,0.0%
523,2022-10-27 10:15:00,XEMUSDT,15m,0.04,0.0,41.46,5588.04533,134.78160467920887,0.0%
524,2022-09-26 05:00:00,XEMUSDT,1h,0.04,0.0,119.871,17493.464649999998,145.9357530178275,0.0%
525,2022-11-06 18:45:15,SKLUSDT,1s,0.04,0.0,0.128,21.83033,170.54945312499999,nan%
526,2022-11-06 02:22:00,SKLUSDT,1m,0.04,0.0,6.716,1443.61086,214.9509916617034,nan%
527,2022-11-03 08:45:00,SKLUSDT,5m,0.04,0.0,83.479,18847.40331,225.77418644209922,0.0%
528,2022-10-27 10:15:00,SKLUSDT,15m,0.04,0.0,151.44,34474.68965,227.64586403856313,0.0%
529,2022-09-26 05:00:00,SKLUSDT,1h,0.04,0.0,374.872,85230.47348,227.35886777353335,0.0%
530,2022-11-06 18:45:17,GRTUSDT,1s,0.09,0.0,0.352,96.97340000000001,275.49261363636367,nan%
531,2022-11-06 02:22:00,GRTUSDT,1m,0.09,-11.111111111111121,20.301,6211.58343,305.9742589035023,3.1%
532,2022-11-03 08:45:00,GRTUSDT,5m,0.09,0.0,183.076,55888.44528,305.27455963643513,5.24%
533,2022-10-27 10:15:00,GRTUSDT,15m,0.09,11.111111111111107,375.84,112639.20825999998,299.69989426351634,5.4%
534,2022-09-26 05:00:00,GRTUSDT,1h,0.09,-11.111111111111121,777.508,218318.22104000003,280.7922504205745,5.26%
535,2022-11-06 18:45:19,1INCHUSDT,1s,0.63,0.0,0.212,46.91357000000001,221.29042452830194,0.0%
536,2022-11-06 02:22:00,1INCHUSDT,1m,0.63,-4.761904761904765,10.363,2377.65809,229.43723728650005,0.33%
537,2022-11-03 08:45:00,1INCHUSDT,5m,0.63,4.761904761904765,78.172,19761.303560000004,252.79260553650929,2.15%
538,2022-10-27 10:15:00,1INCHUSDT,15m,0.63,3.174603174603177,180.772,44687.467280000004,247.2034788573452,1.37%
539,2022-09-26 05:00:00,1INCHUSDT,1h,0.63,1.5873015873015885,549.064,129626.23108,236.0858316698964,1.48%
540,2022-11-06 18:45:21,REEFUSDT,1s,0.01,0.0,0.203,39.75994,195.86177339901477,nan%
541,2022-11-06 02:23:00,REEFUSDT,1m,0.01,0.0,17.656,3643.3359100000002,206.35115031717265,0.0%
542,2022-11-03 08:45:00,REEFUSDT,5m,0.01,0.0,186.525,32568.530159999995,174.60678279051064,0.0%
543,2022-10-27 10:15:00,REEFUSDT,15m,0.01,0.0,700.307,114898.37412,164.0685786662135,0.0%
544,2022-09-26 05:00:00,REEFUSDT,1h,0.01,0.0,3367.66,581237.4511599999,172.59386373921356,0.0%
545,2022-11-06 18:45:23,CELOUSDT,1s,0.73,1.3698630136986314,0.164,35.601279999999996,217.08097560975605,nan%
546,2022-11-06 02:23:00,CELOUSDT,1m,0.73,-2.739726027397263,11.679,2699.67362,231.15623084168166,0.65%
547,2022-11-03 08:45:00,CELOUSDT,5m,0.72,1.3888888888888902,67.09,14020.747710000001,208.98416619466389,1.62%
548,2022-10-27 10:15:00,CELOUSDT,15m,0.72,0.0,168.742,36161.9084,214.30295006578092,1.0%
549,2022-09-26 05:00:00,CELOUSDT,1h,0.72,-8.333333333333341,445.865,94954.64064,212.96724488354099,1.85%
550,2022-11-06 18:45:25,BTCSTUSDT,1s,8.62,0.11600928074245694,0.071,20.173029999999997,284.12718309859156,0.06%
551,2022-11-06 02:23:00,BTCSTUSDT,1m,8.62,-1.1600928074246106,3.712,816.29425,219.90685614224137,0.19%
552,2022-11-03 08:45:00,BTCSTUSDT,5m,8.61,0.9291521486643447,36.325,7509.34242,206.72656352374395,1.44%
553,2022-10-27 10:15:00,BTCSTUSDT,15m,8.61,-2.6713124274099935,83.104,16177.66582,194.66771539276087,0.48%
554,2022-09-26 05:00:00,BTCSTUSDT,1h,8.61,-2.4390243902439126,531.979,119957.51963999998,225.4929605115991,2.69%
555,2022-11-06 18:45:27,LITUSDT,1s,1.03,0.9708737864077678,0.842,142.05845000000002,168.71549881235157,nan%
556,2022-11-06 02:23:00,LITUSDT,1m,1.03,-7.766990291262142,35.787,8174.01833,228.40747561963843,0.86%
557,2022-11-03 08:45:00,LITUSDT,5m,1.02,-17.647058823529406,372.97,81198.69514,217.70838174652116,1.45%
558,2022-10-27 10:15:00,LITUSDT,15m,1.02,20.588235294117645,925.737,222202.58552,240.02776762730667,11.81%
559,2022-09-26 05:00:00,LITUSDT,1h,1.02,43.13725490196079,2112.31,504283.25948,238.73544104795226,11.4%
560,2022-11-06 18:45:28,SFPUSDT,1s,0.42,0.0,0.179,29.42821,164.40340782122905,nan%
561,2022-11-06 02:23:00,SFPUSDT,1m,0.42,-7.1428571428571495,6.531,968.38354,148.27492573878428,nan%
562,2022-11-03 08:45:00,SFPUSDT,5m,0.42,-2.380952380952383,54.043,9507.512560000001,175.9249590141184,1.99%
563,2022-10-27 10:15:00,SFPUSDT,15m,0.42,4.761904761904753,160.028,29894.192749999995,186.80601363511383,2.44%
564,2022-09-26 05:00:00,SFPUSDT,1h,0.42,16.666666666666668,463.877,94088.13211,202.8299142013939,2.45%
565,2022-11-06 18:45:30,DODOUSDT,1s,0.15,0.0,0.144,31.02649,215.46173611111112,nan%
566,2022-11-06 02:23:00,DODOUSDT,1m,0.15,-6.666666666666673,8.381,1564.33269,186.6522718052738,nan%
567,2022-11-03 08:45:00,DODOUSDT,5m,0.15,6.666666666666654,89.212,16940.992240000003,189.89589113572168,3.93%
568,2022-10-27 10:15:00,DODOUSDT,15m,0.15,13.333333333333327,166.823,29539.4014,177.0703164431763,5.3%
569,2022-09-26 05:00:00,DODOUSDT,1h,0.15,20.0,613.557,112004.99716,182.55027187368083,5.75%
570,2022-11-06 18:45:32,OMUSDT,1s,0.04,0.0,0.02,3.0339099999999997,151.69549999999998,nan%
571,2022-11-06 02:23:00,OMUSDT,1m,0.04,0.0,3.328,478.96459000000004,143.91964843750003,nan%
572,2022-11-03 08:45:00,OMUSDT,5m,0.04,0.0,10.54,1382.27928,131.14604174573057,0.0%
573,2022-10-27 10:15:00,OMUSDT,15m,0.04,0.0,22.22,2885.0345300000004,129.8395378037804,0.0%
574,2022-09-26 05:00:00,OMUSDT,1h,0.04,0.0,200.121,34679.86136000001,173.2944636494921,11.08%
575,2022-11-06 18:45:35,ALICEUSDT,1s,1.72,0.5813953488372098,0.44,50.56442,114.91913636363635,nan%
576,2022-11-06 02:23:00,ALICEUSDT,1m,1.71,-7.0175438596491295,17.86,2854.8903899999996,159.8482861142217,0.62%
577,2022-11-03 08:45:00,ALICEUSDT,5m,1.71,3.5087719298245648,118.901,20488.19329,172.3130443814602,2.73%
578,2022-10-27 10:15:00,ALICEUSDT,15m,1.71,3.5087719298245648,290.328,49110.96497,169.1568328580089,2.17%
579,2022-09-26 05:00:00,ALICEUSDT,1h,1.71,0.0,702.791,127582.54841,181.5369696111646,1.84%
580,2022-11-06 18:45:36,LINAUSDT,1s,0.01,0.0,0.297,73.78896,248.4476767676768,nan%
581,2022-11-06 02:23:00,LINAUSDT,1m,0.01,0.0,10.291,2385.2528399999997,231.78047225731217,0.0%
582,2022-11-03 08:45:00,LINAUSDT,5m,0.01,0.0,82.74,19868.142839999997,240.12742131979692,0.0%
583,2022-10-27 10:15:00,LINAUSDT,15m,0.01,0.0,205.153,47740.55695,232.70708666214972,0.0%
584,2022-09-26 05:00:00,LINAUSDT,1h,0.01,0.0,674.472,152674.87409000003,226.36206408865013,0.0%
585,2022-11-06 18:45:39,TLMUSDT,1s,0.02,0.0,0.281,32.95265,117.26921708185051,nan%
586,2022-11-06 02:23:00,TLMUSDT,1m,0.02,0.0,15.182,2309.6933599999998,152.1336688183375,0.0%
587,2022-11-03 08:45:00,TLMUSDT,5m,0.02,0.0,86.835,12767.57584,147.03260021880578,0.0%
588,2022-10-27 10:15:00,TLMUSDT,15m,0.02,0.0,225.406,33582.03838,148.98466935219113,0.0%
589,2022-09-26 05:00:00,TLMUSDT,1h,0.02,0.0,863.62,130992.55519,151.67846412774136,0.0%
590,2022-11-06 18:45:42,BARUSDT,1s,5.4,0.5555555555555601,0.698,115.00028,164.75684813753583,nan%
591,2022-11-06 02:23:00,BARUSDT,1m,5.37,7.635009310986968,50.61,10132.84549,200.21429539616676,4.67%
592,2022-11-03 08:45:00,BARUSDT,5m,5.33,18.198874296435267,89.797,15648.456,174.26479726494205,5.08%
593,2022-10-27 10:15:00,BARUSDT,15m,5.33,18.01125703564728,174.594,24840.15917,142.27384199915232,2.9%
594,2022-09-26 05:00:00,BARUSDT,1h,5.33,-14.258911819887427,401.421,48409.99939,120.59657912764902,7.26%
595,2022-11-06 18:45:44,BAKEUSDT,1s,0.25,0.0,0.338,41.39083,122.45807692307692,nan%
596,2022-11-06 02:23:00,BAKEUSDT,1m,0.25,-8.000000000000007,13.606,1747.77378,128.45610612964867,nan%
597,2022-11-03 08:45:00,BAKEUSDT,5m,0.25,0.0,94.13,11957.86752,127.0356689684479,2.19%
598,2022-10-27 10:15:00,BAKEUSDT,15m,0.25,4.0000000000000036,261.866,34892.4935,133.24560462221135,3.76%
599,2022-09-26 05:00:00,BAKEUSDT,1h,0.25,7.9999999999999964,709.701,106620.80773999999,150.23341905957577,1.01%
600,2022-11-06 18:45:46,SHIBUSDT,1s,0.0,,3.613,1486.13733,411.33056462773317,nan%
601,2022-11-06 02:23:00,SHIBUSDT,1m,0.0,,136.924,62603.039319999996,457.21012620139635,nan%
602,2022-11-03 08:45:00,SHIBUSDT,5m,0.0,,747.404,357871.39306000003,478.819210306608,nan%
603,2022-10-27 10:15:00,SHIBUSDT,15m,0.0,,3762.444,1833026.32107,487.19032657230247,nan%
604,2022-09-26 05:00:00,SHIBUSDT,1h,0.0,,6163.861,3025803.3765199995,490.8941613900767,nan%
605,2022-11-06 18:45:48,ICPUSDT,1s,5.21,0.19193857965450647,0.452,169.22491000000002,374.39139380530975,nan%
606,2022-11-06 02:23:00,ICPUSDT,1m,5.21,-4.990403071017271,19.195,6164.0279,321.12674654858034,0.39%
607,2022-11-03 08:45:00,ICPUSDT,5m,5.2,-4.038461538461537,122.455,46056.89735000001,376.11283614388964,0.83%
608,2022-10-27 10:15:00,ICPUSDT,15m,5.2,0.5769230769230818,291.634,103938.19921,356.3994568877429,1.65%
609,2022-09-26 05:00:00,ICPUSDT,1h,5.2,-16.730769230769234,892.807,306779.21339999995,343.612016258833,5.31%
610,2022-11-06 18:45:51,ARUSDT,1s,14.23,0.7027406886858724,0.789,214.37890999999996,271.7096451204055,nan%
611,2022-11-06 02:23:00,ARUSDT,1m,14.2,-6.549295774647898,101.421,30455.37736,300.2866995987024,2.36%
612,2022-11-03 08:45:00,ARUSDT,5m,14.17,-4.375441072688774,530.795,174655.50008000003,329.0451117286335,0.67%
613,2022-10-27 10:15:00,ARUSDT,15m,14.17,24.77064220183486,1035.557,314989.79178,304.17426735563566,16.85%
614,2022-09-26 05:00:00,ARUSDT,1h,14.17,33.027522935779814,1553.341,414998.45724,267.1650701552332,10.92%
615,2022-11-06 18:45:53,MASKUSDT,1s,4.78,0.836820083682009,4.221,1929.1493299999997,457.036088604596,0.14%
616,2022-11-06 02:23:00,MASKUSDT,1m,4.74,-2.1097046413502034,177.171,74554.90712,420.80762156334845,2.19%
617,2022-11-03 08:45:00,MASKUSDT,5m,4.7,-6.595744680851055,1215.462,476277.85758999997,391.8492372365405,2.66%
618,2022-10-27 10:15:00,MASKUSDT,15m,4.7,72.97872340425532,3975.549,1400464.6838099998,352.2695063776097,33.16%
619,2022-09-26 05:00:00,MASKUSDT,1h,4.7,75.53191489361703,4203.94,1448473.56026,344.5514351441743,51.89%
620,2022-11-06 18:45:55,LPTUSDT,1s,9.84,-0.3048780487804813,0.128,25.99222,203.06421874999998,0.07%
621,2022-11-06 02:23:00,LPTUSDT,1m,9.84,-8.434959349593498,6.199,1219.83881,196.77993386030005,1.0%
622,2022-11-03 08:45:00,LPTUSDT,5m,9.82,-4.989816700611001,39.216,8358.72328,213.1457384740922,0.42%
623,2022-10-27 10:15:00,LPTUSDT,15m,9.82,5.397148676171091,121.629,23901.80924,196.51406523115372,3.94%
624,2022-09-26 05:00:00,LPTUSDT,1h,9.82,6.109979633401219,275.319,50330.30544,182.80723611519727,1.37%
625,2022-11-06 18:45:57,ATAUSDT,1s,0.16,0.0,0.36,65.94648,183.18466666666666,nan%
626,2022-11-06 02:23:00,ATAUSDT,1m,0.16,-6.250000000000005,9.385,1480.6123,157.76369738945127,0.0%
627,2022-11-03 08:45:00,ATAUSDT,5m,0.16,-6.250000000000005,94.08,16286.60441,173.11441762329932,1.3%
628,2022-10-27 10:15:00,ATAUSDT,15m,0.16,0.0,286.622,54062.508760000004,188.61953639287984,2.96%
629,2022-09-26 05:00:00,ATAUSDT,1h,0.16,18.75,932.444,178933.67279,191.89750032173515,6.33%
630,2022-11-06 18:45:58,GTCUSDT,1s,2.39,-0.41841004184099523,1.615,316.05255999999997,195.69817956656345,nan%
631,2022-11-06 02:23:00,GTCUSDT,1m,2.38,-12.605042016806733,29.509,6959.68775,235.8496645091328,0.61%
632,2022-11-03 08:45:00,GTCUSDT,5m,2.35,-15.744680851063833,296.439,71470.1183,241.0955316270801,2.49%
633,2022-10-27 10:15:00,GTCUSDT,15m,2.35,28.08510638297873,751.982,182475.50924,242.6594110497326,12.89%
634,2022-09-26 05:00:00,GTCUSDT,1h,2.35,24.680851063829788,955.321,215709.55993,225.79798824688245,8.75%
635,2022-11-06 18:46:01,KLAYUSDT,1s,0.22,0.0,0.541,105.19707,194.4492975970425,nan%
636,2022-11-06 02:23:00,KLAYUSDT,1m,0.22,-4.545454545454549,36.395,8015.67364,220.2410671795576,1.18%
637,2022-11-03 08:45:00,KLAYUSDT,5m,0.22,-9.090909090909086,150.122,33439.20173,222.74684410013188,1.77%
638,2022-10-27 10:15:00,KLAYUSDT,15m,0.22,-18.181818181818183,1212.979,288300.19401,237.67946024622023,2.85%
639,2022-09-26 05:00:00,KLAYUSDT,1h,0.22,9.090909090909086,2901.368,715089.05727,246.46616950004275,8.93%
640,2022-11-06 18:46:02,PHAUSDT,1s,0.24,-4.1666666666666705,1.873,380.92198,203.37532301121198,nan%
641,2022-11-06 02:23:00,PHAUSDT,1m,0.24,33.33333333333333,269.117,64914.7195,241.21374532266634,16.55%
642,2022-11-03 08:45:00,PHAUSDT,5m,0.24,33.33333333333333,324.948,77416.5772,238.2429717985647,9.7%
643,2022-10-27 10:15:00,PHAUSDT,15m,0.24,25.0,658.017,147394.43599,223.99791493228895,3.38%
644,2022-09-26 05:00:00,PHAUSDT,1h,0.24,62.5,3181.509,685316.1876099999,215.40601884514547,46.74%
645,2022-11-06 18:46:05,C98USDT,1s,0.32,0.0,0.246,41.94825,170.52134146341464,0.0%
646,2022-11-06 02:23:00,C98USDT,1m,0.32,-9.374999999999991,10.475,1735.8314199999998,165.71183007159902,1.52%
647,2022-11-03 08:45:00,C98USDT,5m,0.32,0.0,68.354,14414.209060000001,210.87586768879657,1.62%
648,2022-10-27 10:15:00,C98USDT,15m,0.32,0.0,311.654,76254.48256,244.67673304369592,2.72%
649,2022-09-26 05:00:00,C98USDT,1h,0.32,-12.499999999999993,635.521,142242.93206999998,223.8209784885157,2.29%
650,2022-11-06 18:46:06,QNTUSDT,1s,156.0,-0.5128205128205201,0.717,156.8854,218.80808926080894,0.06%
651,2022-11-06 02:23:00,QNTUSDT,1m,155.7,-3.0186255619781743,16.435,4543.6360700000005,276.4609717067235,0.37%
652,2022-11-03 08:45:00,QNTUSDT,5m,155.7,-0.3853564547206312,106.219,29403.93424,276.82367787307356,1.18%
653,2022-10-27 10:15:00,QNTUSDT,15m,155.7,-10.468850353243425,461.982,122695.96389,265.58602692312684,0.54%
654,2022-09-26 05:00:00,QNTUSDT,1h,155.7,22.6718047527296,2718.749,726390.18661,267.1780979450475,11.01%
655,2022-11-06 18:46:08,FLOWUSDT,1s,1.73,0.0,0.273,69.65178,255.13472527472527,0.28%
656,2022-11-06 02:23:00,FLOWUSDT,1m,1.73,-4.624277456647403,18.091,5624.53886,310.9025957658504,0.3%
657,2022-11-03 08:45:00,FLOWUSDT,5m,1.72,-5.813953488372099,148.353,51161.40382,344.8626170013414,0.86%
658,2022-10-27 10:15:00,FLOWUSDT,15m,1.72,1.7441860465116297,414.664,135455.98213999998,326.6644370864121,2.34%
659,2022-09-26 05:00:00,FLOWUSDT,1h,1.72,4.651162790697678,860.856,279029.54248,324.1303336214187,1.45%
660,2022-11-06 18:46:10,RAYUSDT,1s,0.51,0.0,0.293,59.19211,202.02085324232084,nan%
661,2022-11-06 02:23:00,RAYUSDT,1m,0.51,-9.803921568627459,8.965,1737.8031400000002,193.84307194645848,1.16%
662,2022-11-03 08:45:00,RAYUSDT,5m,0.5,2.0000000000000018,58.772,11680.903789999998,198.74946896481316,5.34%
663,2022-10-27 10:15:00,RAYUSDT,15m,0.5,-4.0000000000000036,101.796,18337.40278,180.13873609965026,1.64%
664,2022-09-26 05:00:00,RAYUSDT,1h,0.5,-12.00000000000001,224.907,39139.5698,174.02557412619436,2.74%
665,2022-11-06 18:46:13,XECUSDT,1s,0.0,,0.184,45.52933,247.44201086956522,nan%
666,2022-11-06 02:23:00,XECUSDT,1m,0.0,,9.371,2088.30048,222.8471326432611,nan%
667,2022-11-03 08:45:00,XECUSDT,5m,0.0,,49.479,10361.25996,209.40722245801248,nan%
668,2022-10-27 10:15:00,XECUSDT,15m,0.0,,131.171,24323.30178,185.4320069222618,nan%
669,2022-09-26 05:00:00,XECUSDT,1h,0.0,,521.363,96610.13463999999,185.30301275694666,nan%
670,2022-11-06 18:46:15,DYDXUSDT,1s,1.81,0.0,3.218,379.9953,118.08430702299565,nan%
671,2022-11-06 02:23:00,DYDXUSDT,1m,1.81,-3.867403314917118,63.384,14122.68908,222.81157831629434,0.8%
672,2022-11-03 08:45:00,DYDXUSDT,5m,1.8,12.22222222222222,355.764,64247.1899,180.58935108667544,4.87%
673,2022-10-27 10:15:00,DYDXUSDT,15m,1.8,6.666666666666672,1006.677,147868.73784000002,146.88796688510814,1.27%
674,2022-09-26 05:00:00,DYDXUSDT,1h,1.8,26.111111111111107,2052.82,449646.89794,219.03863852651472,5.19%
675,2022-11-06 18:46:17,GALAUSDT,1s,0.04,0.0,1.978,436.59608999999995,220.7260313447927,0.0%
676,2022-11-06 02:23:00,GALAUSDT,1m,0.04,0.0,83.766,22238.404270000003,265.4824662750997,0.0%
677,2022-11-03 08:45:00,GALAUSDT,5m,0.04,0.0,1266.157,359901.15638,284.24686384074016,13.3%
678,2022-10-27 10:15:00,GALAUSDT,15m,0.04,0.0,2423.921,652988.6005,269.39351591904193,8.84%
679,2022-09-26 05:00:00,GALAUSDT,1h,0.04,0.0,3751.473,1048304.6954200001,279.4381554711976,0.0%
680,2022-11-06 18:46:19,AUCTIONUSDT,1s,6.17,-0.16207455429497222,0.044,13.929560000000002,316.58090909090913,nan%
681,2022-11-06 02:23:00,AUCTIONUSDT,1m,6.17,-6.645056726094005,2.812,494.71916,175.9314224751067,0.57%
682,2022-11-03 08:45:00,AUCTIONUSDT,5m,6.17,-3.2414910858995163,29.061,5264.71129,181.16070644506385,1.12%
683,2022-10-27 10:15:00,AUCTIONUSDT,15m,6.17,4.700162074554296,81.602,15565.601690000001,190.75024742040637,2.68%
684,2022-09-26 05:00:00,AUCTIONUSDT,1h,6.17,-3.7277147487844475,279.321,54438.60396,194.8962088779576,2.33%
685,2022-11-06 18:46:20,DARUSDT,1s,0.22,0.0,0.53,63.219,119.28113207547169,0.0%
686,2022-11-06 02:24:00,DARUSDT,1m,0.22,-4.545454545454549,16.613,2241.2116399999995,134.90709925961593,0.0%
687,2022-11-03 08:45:00,DARUSDT,5m,0.22,4.545454545454549,151.288,19978.30053,132.05475999418329,2.79%
688,2022-10-27 10:15:00,DARUSDT,15m,0.22,4.545454545454549,361.579,48680.51668000001,134.6331415264714,1.35%
689,2022-09-26 05:00:00,DARUSDT,1h,0.22,9.090909090909086,886.689,118831.2124,134.0167887500578,2.43%
690,2022-11-06 18:46:23,BNXUSDT,1s,142.4,-0.6320224719101163,0.118,24.282949999999996,205.78771186440676,nan%
691,2022-11-06 02:24:00,BNXUSDT,1m,142.4,-1.9662921348314484,5.177,923.0312399999999,178.29461850492564,0.16%
692,2022-11-03 08:45:00,BNXUSDT,5m,142.3,-0.8432888264230418,36.9,6617.871609999999,179.3461140921409,0.72%
693,2022-10-27 10:15:00,BNXUSDT,15m,142.3,-2.6704146170063123,127.853,38863.540460000004,303.97050096595314,1.77%
694,2022-09-26 05:00:00,BNXUSDT,1h,142.3,-11.454673225579748,430.225,91459.52219,212.5853267243884,1.65%
695,2022-11-06 18:46:25,ENSUSDT,1s,16.45,0.18237082066867835,0.946,236.76238,250.27735729386893,0.13%
696,2022-11-06 02:24:00,ENSUSDT,1m,16.45,-6.5653495440729595,33.097,10938.67156,330.5034160195788,0.43%
697,2022-11-03 08:45:00,ENSUSDT,5m,16.37,-2.199144777031151,178.734,60931.49229,340.90599600523683,1.65%
698,2022-10-27 10:15:00,ENSUSDT,15m,16.37,-9.529627367134994,522.565,184616.67639,353.2894020648149,1.35%
699,2022-09-26 05:00:00,ENSUSDT,1h,16.37,13.561392791692123,2019.814,758965.58521,375.76013692844987,5.16%
700,2022-11-06 18:46:27,JASMYUSDT,1s,0.01,0.0,0.999,203.41638999999995,203.62001001000996,nan%
701,2022-11-06 02:24:00,JASMYUSDT,1m,0.01,0.0,51.532,12726.166870000001,246.95658755724602,0.0%
702,2022-11-03 08:45:00,JASMYUSDT,5m,0.01,0.0,355.604,92564.13153,260.3011538959067,0.0%
703,2022-10-27 10:15:00,JASMYUSDT,15m,0.01,100.0,1342.734,351257.67964999995,261.59885699624795,57.58%
704,2022-09-26 05:00:00,JASMYUSDT,1h,0.01,0.0,3040.812,731845.76379,240.67445267579845,0.0%
705,2022-11-06 18:46:29,CVXUSDT,1s,5.24,-0.3816793893129689,0.166,40.03906,241.199156626506,nan%
706,2022-11-06 02:24:00,CVXUSDT,1m,5.24,-2.6717557251908333,4.084,615.23706,150.64570519098925,0.26%
707,2022-11-03 08:45:00,CVXUSDT,5m,5.22,2.1072796934865794,22.253,4162.507189999999,187.05375410057067,1.68%
708,2022-10-27 10:15:00,CVXUSDT,15m,5.22,-11.877394636015328,69.714,14225.12285,204.04972960954757,1.96%
709,2022-09-26 05:00:00,CVXUSDT,1h,5.22,9.195402298850567,322.679,66910.02621,207.35785784014453,3.81%
710,2022-11-06 18:46:31,PEOPLEUSDT,1s,0.03,0.0,2.805,928.11519,330.87885561497325,0.0%
711,2022-11-06 02:24:00,PEOPLEUSDT,1m,0.03,0.0,44.886,13055.21765,290.85277480728956,0.0%
712,2022-11-03 08:45:00,PEOPLEUSDT,5m,0.03,33.33333333333333,412.8,127083.53122,307.8573915213178,4.33%
713,2022-10-27 10:15:00,PEOPLEUSDT,15m,0.03,33.33333333333333,987.503,292301.03462,296.0001484754983,10.14%
714,2022-09-26 05:00:00,PEOPLEUSDT,1h,0.03,33.33333333333333,1509.947,457463.85699,302.9668306172336,0.0%
715,2022-11-06 18:46:34,SPELLUSDT,1s,0.0,,0.211,53.19089999999999,252.0895734597156,nan%
716,2022-11-06 02:24:00,SPELLUSDT,1m,0.0,,13.993,2363.52003,168.90731294218537,nan%
717,2022-11-03 08:45:00,SPELLUSDT,5m,0.0,,202.702,35641.41448000001,175.83158765083724,nan%
718,2022-10-27 10:15:00,SPELLUSDT,15m,0.0,,317.319,53734.3185,169.3384843012867,nan%
719,2022-09-26 05:00:00,SPELLUSDT,1h,0.0,,754.276,115750.48812,153.4590628894463,nan%
720,2022-11-06 18:46:37,IMXUSDT,1s,0.6,0.0,0.283,69.84310999999998,246.79544169611304,nan%
721,2022-11-06 02:24:00,IMXUSDT,1m,0.6,-10.000000000000009,22.146,5818.694519999999,262.7424600379301,1.29%
722,2022-11-03 08:45:00,IMXUSDT,5m,0.6,0.0,116.497,32427.68582,278.35640248246733,4.21%
723,2022-10-27 10:15:00,IMXUSDT,15m,0.6,-5.000000000000004,262.097,65722.69826,250.75715578583504,1.78%
724,2022-09-26 05:00:00,IMXUSDT,1h,0.6,-23.333333333333336,566.399,126379.45555000001,223.1279637675914,5.11%
725,2022-11-06 18:46:39,API3USDT,1s,1.97,1.0152284263959401,0.238,40.962869999999995,172.11289915966384,nan%
726,2022-11-06 02:24:00,API3USDT,1m,1.97,-9.64467005076143,11.115,1799.9170099999997,161.935853351327,1.54%
727,2022-11-03 08:45:00,API3USDT,5m,1.95,-7.6923076923077,80.05,16499.86857,206.1195324172392,1.24%
728,2022-10-27 10:15:00,API3USDT,15m,1.95,11.794871794871794,198.078,42693.2553,215.53759276648591,6.72%
729,2022-09-26 05:00:00,API3USDT,1h,1.95,18.461538461538453,381.385,74826.04664,196.19556783827366,3.76%
730,2022-11-06 18:46:41,ANCUSDT,1s,0.08,0.0,0.136,27.94531,205.48022058823528,nan%
731,2022-11-06 02:24:00,ANCUSDT,1m,0.08,-12.499999999999993,6.67,1469.40215,220.3001724137931,0.0%
732,2022-11-03 08:45:00,ANCUSDT,5m,0.08,0.0,48.398,11094.48846,229.2344406793669,5.89%
733,2022-10-27 10:15:00,ANCUSDT,15m,0.08,0.0,140.639,29247.962760000002,207.96480890791318,5.86%
734,2022-09-26 05:00:00,ANCUSDT,1h,0.08,-12.499999999999993,728.297,173824.32606,238.67230822041006,4.24%
735,2022-11-06 18:46:43,WOOUSDT,1s,0.17,0.0,0.356,35.59484,99.98550561797752,nan%
736,2022-11-06 02:24:00,WOOUSDT,1m,0.17,-5.8823529411764595,18.022,2305.9826100000005,127.95375707468654,0.0%
737,2022-11-03 08:45:00,WOOUSDT,5m,0.17,-5.8823529411764595,115.525,16849.121900000002,145.84827439948063,2.52%
738,2022-10-27 10:15:00,WOOUSDT,15m,0.17,-5.8823529411764595,349.753,57004.13589,162.98397980860778,0.0%
739,2022-09-26 05:00:00,WOOUSDT,1h,0.17,17.64705882352941,956.819,151167.06520999997,157.98919671327596,5.49%
740,2022-11-06 18:46:45,TUSDT,1s,0.03,0.0,0.002,0.03118,15.59,nan%
741,2022-11-06 02:24:00,TUSDT,1m,0.03,0.0,1.165,261.96993,224.86689270386265,nan%
742,2022-11-03 08:45:00,TUSDT,5m,0.03,0.0,9.061,1955.00025,215.75987749696503,0.0%
743,2022-10-27 10:15:00,TUSDT,15m,0.03,0.0,23.011,5035.1786600000005,218.81616009734478,0.0%
744,2022-09-26 05:00:00,TUSDT,1h,0.03,0.0,91.754,18909.0818,206.08454999237088,0.0%
745,2022-11-06 18:46:47,GMTUSDT,1s,0.55,0.0,2.122,589.8696600000001,277.9781621112159,nan%
746,2022-11-06 02:24:00,GMTUSDT,1m,0.55,-3.636363636363619,83.953,25686.013079999997,305.9570602599073,0.0%
747,2022-11-03 08:45:00,GMTUSDT,5m,0.55,9.090909090909099,469.226,120052.1245,255.85139037478743,4.12%
748,2022-10-27 10:15:00,GMTUSDT,15m,0.55,5.4545454545454595,1207.12,239109.36208,198.08251216117702,2.28%
749,2022-09-26 05:00:00,GMTUSDT,1h,0.55,-14.545454545454536,3546.358,725977.90673,204.7108348141953,4.81%
750,2022-11-06 18:46:49,APEUSDT,1s,4.76,0.2100840336134409,2.216,786.35794,354.8546660649819,nan%
751,2022-11-06 02:24:00,APEUSDT,1m,4.76,-7.14285714285714,82.647,26012.84549,314.74639720740015,0.49%
752,2022-11-03 08:45:00,APEUSDT,5m,4.73,8.033826638477818,451.933,132728.9543,293.6916629234865,3.7%
753,2022-10-27 10:15:00,APEUSDT,15m,4.73,-2.1141649048625717,1034.189,301799.69138,291.8225695496664,1.73%
754,2022-09-26 05:00:00,APEUSDT,1h,4.73,-19.450317124735726,2992.712,930470.03456,310.9119870405171,4.42%
755,2022-11-06 18:46:51,GALUSDT,1s,2.19,0.4566210045662003,2.107,772.4237800000001,366.5988514475558,nan%
756,2022-11-06 02:24:00,GALUSDT,1m,2.19,-7.7625570776255675,27.403,6693.205130000001,244.25081669890164,0.93%
757,2022-11-03 08:45:00,GALUSDT,5m,2.16,-8.33333333333332,206.05,46631.58836000001,226.31200368842516,0.62%
758,2022-10-27 10:15:00,GALUSDT,15m,2.16,2.314814814814827,496.608,113273.24025999999,228.09386932953151,3.11%
759,2022-09-26 05:00:00,GALUSDT,1h,2.16,-24.537037037037027,1026.112,245839.43860000002,239.58343592122498,4.71%
760,2022-11-06 18:46:53,LDOUSDT,1s,1.59,0.0,0.847,273.22305000000006,322.57739079102726,nan%
761,2022-11-06 02:24:00,LDOUSDT,1m,1.59,-5.660377358490557,16.797,3253.9908200000004,193.72452342680242,0.45%
762,2022-11-03 08:45:00,LDOUSDT,5m,1.58,4.430379746835446,121.994,29142.35308,238.88349492597996,3.58%
763,2022-10-27 10:15:00,LDOUSDT,15m,1.58,-6.329113924050624,323.195,74634.41595000001,230.92688918454806,1.38%
764,2022-09-26 05:00:00,LDOUSDT,1h,1.58,-1.8987341772151913,1310.515,290765.44602,221.87113159330488,3.05%
765,2022-11-06 18:46:55,OPUSDT,1s,1.28,-0.7812500000000007,1.679,594.559,354.1149493746277,0.35%
766,2022-11-06 02:24:00,OPUSDT,1m,1.28,-0.7812500000000007,69.857,27582.806210000002,394.84670412413936,0.63%
767,2022-11-03 08:45:00,OPUSDT,5m,1.28,18.75,485.918,199444.62537,410.4491403282035,5.64%
768,2022-10-27 10:15:00,OPUSDT,15m,1.28,12.499999999999993,1055.232,408372.79348,386.99811366599954,2.55%
769,2022-09-26 05:00:00,OPUSDT,1h,1.28,28.125,2129.938,819617.1673699999,384.80799317632716,5.79%
770,2022-11-06 18:46:58,LEVERUSDT,1s,0.0,,0.04,3.8079099999999997,95.19774999999998,nan%
771,2022-11-06 02:24:00,LEVERUSDT,1m,0.0,,4.474,683.4233699999999,152.75444121591414,nan%
772,2022-11-03 08:45:00,LEVERUSDT,5m,0.0,,38.375,7549.60408,196.7323538762215,nan%
773,2022-10-27 10:15:00,LEVERUSDT,15m,0.0,,117.276,23721.059719999997,202.2669576042839,nan%
774,2022-09-26 05:00:00,LEVERUSDT,1h,0.0,,335.871,64206.86118,191.16524254847843,nan%
775,2022-11-06 18:46:59,STGUSDT,1s,0.5,0.0,0.3,95.65911000000001,318.86370000000005,nan%
776,2022-11-06 02:24:00,STGUSDT,1m,0.5,-4.0000000000000036,18.591,4063.23227,218.5591022537787,0.64%
777,2022-11-03 08:45:00,STGUSDT,5m,0.5,4.0000000000000036,85.708,18590.56239,216.90580097540484,2.4%
778,2022-10-27 10:15:00,STGUSDT,15m,0.5,-8.000000000000007,248.603,59283.78956,238.46771583609205,1.5%
779,2022-09-26 05:00:00,STGUSDT,1h,0.5,-10.000000000000009,804.514,205062.58724000002,254.8900171283533,3.39%
780,2022-11-06 18:47:01,LUNCUSDT,1s,0.0,,1.431,269.33223,188.21259958071278,nan%
781,2022-11-06 02:24:00,LUNCUSDT,1m,0.0,,63.621,16955.838490000002,266.51323446660695,nan%
782,2022-11-03 08:45:00,LUNCUSDT,5m,0.0,,550.743,153163.51428,278.1034244284539,nan%
783,2022-10-27 10:15:00,LUNCUSDT,15m,0.0,,1513.269,434637.0788,287.21732804940825,nan%
784,2022-09-26 05:00:00,LUNCUSDT,1h,0.0,,8113.436,2400285.8796000006,295.84085948296143,nan%
785,2022-11-06 18:47:03,APTUSDT,1s,7.31,0.4103967168262566,2.031,812.6461999999999,400.1212210733628,0.08%
786,2022-11-06 02:24:00,APTUSDT,1m,7.3,-4.246575342465761,205.762,88951.21741,432.30148137168186,0.9%
787,2022-11-03 08:45:00,APTUSDT,5m,7.3,0.1369863013698601,608.75,257272.76458,422.62466460780286,1.79%
788,2022-10-27 10:15:00,APTUSDT,15m,7.3,-26.027397260273965,2171.589,917480.1286199999,422.49252902828295,3.31%
789,2022-10-18 21:00:00,APTUSDT,1h,7.3,86.3013698630137,12276.359649122807,6266378.1625219295,510.44269975991506,22.2%
